#
# There is insufficient memory for the Java Runtime Environment to continue.
# Native memory allocation (mmap) failed to map 689963008 bytes for G1 virtual space
# Possible reasons:
#   The system is out of physical RAM or swap space
#   The process is running with CompressedOops enabled, and the Java Heap may be blocking the growth of the native heap
# Possible solutions:
#   Reduce memory load on the system
#   Increase physical memory or swap space
#   Check if swap backing store is full
#   Decrease Java heap size (-Xmx/-Xms)
#   Decrease number of Java threads
#   Decrease Java thread stack sizes (-Xss)
#   Set larger code cache with -XX:ReservedCodeCacheSize=
#   JVM is running with Zero Based Compressed Oops mode in which the Java heap is
#     placed in the first 32GB address space. The Java Heap base address is the
#     maximum limit for the native heap growth. Please use -XX:HeapBaseMinAddress
#     to set the Java Heap base and to place the Java Heap above 32GB virtual address.
# This output file may be truncated or incomplete.
#
#  Out of Memory Error (os_windows.cpp:3604), pid=21116, tid=25788
#
# JRE version: Java(TM) SE Runtime Environment (21.0.11+9) (build 21.0.11+9-LTS-211)
# Java VM: Java HotSpot(TM) 64-Bit Server VM (21.0.11+9-LTS-211, mixed mode, sharing, tiered, compressed oops, compressed class ptrs, g1 gc, windows-amd64)
# No core dump will be written. Minidumps are not enabled by default on client versions of Windows
#

---------------  S U M M A R Y ------------

Command Line: --add-opens=java.base/java.lang=ALL-UNNAMED --add-opens=java.base/java.lang.invoke=ALL-UNNAMED --add-opens=java.base/java.util=ALL-UNNAMED --add-opens=java.prefs/java.util.prefs=ALL-UNNAMED --add-exports=jdk.compiler/com.sun.tools.javac.api=ALL-UNNAMED --add-exports=jdk.compiler/com.sun.tools.javac.util=ALL-UNNAMED --add-opens=java.base/java.util=ALL-UNNAMED --add-opens=java.prefs/java.util.prefs=ALL-UNNAMED --add-opens=java.base/java.nio.charset=ALL-UNNAMED --add-opens=java.base/java.net=ALL-UNNAMED --add-opens=java.base/java.util.concurrent.atomic=ALL-UNNAMED --add-opens=java.xml/javax.xml.namespace=ALL-UNNAMED -XX:MaxMetaspaceSize=1024m -Xmx4096m -Dfile.encoding=UTF-8 -Duser.country=US -Duser.language=en -Duser.variant -javaagent:C:\Users\91770\.gradle\wrapper\dists\gradle-8.14.3-bin\cv11ve7ro1n3o1j4so8xd9n66\gradle-8.14.3\lib\agents\gradle-instrumentation-agent-8.14.3.jar org.gradle.launcher.daemon.bootstrap.GradleDaemon 8.14.3

Host: AMD Ryzen 5 5500U with Radeon Graphics         , 12 cores, 5G,  Windows 11 , 64 bit Build 26100 (10.0.26100.8246)
Time: Mon May 11 23:01:01 2026 India Standard Time elapsed time: 201.510840 seconds (0d 0h 3m 21s)

---------------  T H R E A D  ---------------

Current thread (0x000002e27f805b00):  VMThread "VM Thread"          [id=25788, stack(0x000000fa5d000000,0x000000fa5d100000) (1024K)]

Stack: [0x000000fa5d000000,0x000000fa5d100000]
Native frames: (J=compiled Java code, j=interpreted, Vv=VM code, C=native code)
V  [jvm.dll+0x6d0ef9]
V  [jvm.dll+0x860126]
V  [jvm.dll+0x86261e]
V  [jvm.dll+0x862cf3]
V  [jvm.dll+0x282bc6]
V  [jvm.dll+0x6cd7a5]
V  [jvm.dll+0x6c232a]
V  [jvm.dll+0x35bfb8]
V  [jvm.dll+0x363c76]
V  [jvm.dll+0x3b4d8e]
V  [jvm.dll+0x3b5038]
V  [jvm.dll+0x32fa6c]
V  [jvm.dll+0x32fafa]
V  [jvm.dll+0x373fc2]
V  [jvm.dll+0x37274d]
V  [jvm.dll+0x32f1b1]
V  [jvm.dll+0x371daa]
V  [jvm.dll+0x8689ef]
V  [jvm.dll+0x869d7c]
V  [jvm.dll+0x86a2b1]
V  [jvm.dll+0x86a553]
V  [jvm.dll+0x80ac0d]
V  [jvm.dll+0x6cf79d]
C  [ucrtbase.dll+0x37b0]
C  [KERNEL32.DLL+0x2e8d7]
C  [ntdll.dll+0x8c3fc]

VM_Operation (0x000000fa67ffa930): G1CollectForAllocation, mode: safepoint, requested by thread 0x000002e258c74060


---------------  P R O C E S S  ---------------

Threads class SMR info:
_java_thread_list=0x000002e25a658200, length=197, elements={
0x000002e279478cb0, 0x000002e27f826010, 0x000002e27f826c20, 0x000002e27f827e20,
0x000002e27f828d10, 0x000002e27f829920, 0x000002e27f82de40, 0x000002e27f82eeb0,
0x000002e27f82f950, 0x000002e21b6c3600, 0x000002e21b709f30, 0x000002e2564a26f0,
0x000002e2565f8f90, 0x000002e25656a0e0, 0x000002e2567ce920, 0x000002e2567cb8a0,
0x000002e256766d90, 0x000002e25676b440, 0x000002e25676bad0, 0x000002e256769a00,
0x000002e256768650, 0x000002e25676a090, 0x000002e256768ce0, 0x000002e25676a720,
0x000002e25676adb0, 0x000002e2588874e0, 0x000002e2588867c0, 0x000002e258886130,
0x000002e258888890, 0x000002e258887b70, 0x000002e258888200, 0x000002e25872d310,
0x000002e25872cc80, 0x000002e25872d9a0, 0x000002e25872ed50, 0x000002e258730100,
0x000002e25872fa70, 0x000002e258730790, 0x000002e25872e030, 0x000002e258733580,
0x000002e258732860, 0x000002e25773e420, 0x000002e25773d700, 0x000002e25773dd90,
0x000002e25773f140, 0x000002e25773eab0, 0x000002e25773fe60, 0x000002e25773f7d0,
0x000002e25773c9e0, 0x000002e2577404f0, 0x000002e25773d070, 0x000002e257742c50,
0x000002e257741210, 0x000002e2577425c0, 0x000002e2577432e0, 0x000002e2577418a0,
0x000002e257744000, 0x000002e257743970, 0x000002e257740b80, 0x000002e257741f30,
0x000002e255d1e980, 0x000002e255d203c0, 0x000002e255d20a50, 0x000002e255d1d5d0,
0x000002e255d1f6a0, 0x000002e255d210e0, 0x000002e255d1dc60, 0x000002e255d21770,
0x000002e255d1fd30, 0x000002e255d1e2f0, 0x000002e255d24560, 0x000002e255d231b0,
0x000002e255d23ed0, 0x000002e255d24bf0, 0x000002e25718d430, 0x000002e25718cda0,
0x000002e257190220, 0x000002e2571908b0, 0x000002e257190f40, 0x000002e25718dac0,
0x000002e255d22490, 0x000002e255d23840, 0x000002e258e49ae0, 0x000002e258e4a800,
0x000002e258e480a0, 0x000002e258e48730, 0x000002e258e4ae90, 0x000002e258e49450,
0x000002e258e4c240, 0x000002e258e4cf60, 0x000002e258e4dc80, 0x000002e258e4d5f0,
0x000002e258e4c8d0, 0x000002e258e4e310, 0x000002e258e4e9a0, 0x000002e258e4f030,
0x000002e25718b360, 0x000002e25718ee70, 0x000002e255d22b20, 0x000002e25a450720,
0x000002e25a450090, 0x000002e25a450db0, 0x000002e25a44dfc0, 0x000002e25a44fa00,
0x000002e25a44f370, 0x000002e25a451440, 0x000002e25a451ad0, 0x000002e25a44e650,
0x000002e25a452160, 0x000002e25a44ece0, 0x000002e25a4548c0, 0x000002e25a453ba0,
0x000002e25a454f50, 0x000002e25a4555e0, 0x000002e25a452e80, 0x000002e25a453510,
0x000002e25a454230, 0x000002e258e48dc0, 0x000002e25718fb90, 0x000002e25a2d0420,
0x000002e25a2ce350, 0x000002e25a2cdcc0, 0x000002e25a2ce9e0, 0x000002e25a2ccfa0,
0x000002e25a2d2b80, 0x000002e25a2d3f30, 0x000002e25a2d3210, 0x000002e25a2d0ab0,
0x000002e25a2d38a0, 0x000002e25a2d1140, 0x000002e25a2d17d0, 0x000002e25a2d1e60,
0x000002e258e47a10, 0x000002e258e4b520, 0x000002e25a2d24f0, 0x000002e2582659e0,
0x000002e258266070, 0x000002e258263910, 0x000002e258266700, 0x000002e258264cc0,
0x000002e258265350, 0x000002e258266d90, 0x000002e258267420, 0x000002e258264630,
0x000002e258263fa0, 0x000002e25826af30, 0x000002e2582694f0, 0x000002e258269b80,
0x000002e258267ab0, 0x000002e258268140, 0x000002e25826a210, 0x000002e2582687d0,
0x000002e258268e60, 0x000002e25826a8a0, 0x000002e258c74060, 0x000002e258c75410,
0x000002e258c746f0, 0x000002e258c78200, 0x000002e258c767c0, 0x000002e258c76130,
0x000002e258c75aa0, 0x000002e258c74d80, 0x000002e258c77b70, 0x000002e258c78f20,
0x000002e258c78890, 0x000002e258c76e50, 0x000002e258c795b0, 0x000002e258c7a960,
0x000002e258c774e0, 0x000002e258c7aff0, 0x000002e258c7b680, 0x000002e258c7d0c0,
0x000002e258c7bd10, 0x000002e258c7c3a0, 0x000002e258c7ca30, 0x000002e258c79c40,
0x000002e258c7d750, 0x000002e258c7a2d0, 0x000002e258c80540, 0x000002e258c7e470,
0x000002e258c81f80, 0x000002e258c7f190, 0x000002e258c7eb00, 0x000002e258c82610,
0x000002e26054fcd0, 0x000002e25f7a8a70, 0x000002e25f7a9790, 0x000002e26074d5f0,
0x000002e26074e310, 0x000002e26f901b80, 0x000002e26f6ca3d0, 0x000002e26f6ccb30,
0x000002e26f6c9d40, 0x000002e26074bbb0, 0x000002e261eb2c40, 0x000002e25f85a9d0,
0x000002e26f750de0
}

Java Threads: ( => current thread )
  0x000002e279478cb0 JavaThread "main"                              [_thread_blocked, id=27528, stack(0x000000fa5c900000,0x000000fa5ca00000) (1024K)]
  0x000002e27f826010 JavaThread "Reference Handler"          daemon [_thread_blocked, id=27608, stack(0x000000fa5d100000,0x000000fa5d200000) (1024K)]
  0x000002e27f826c20 JavaThread "Finalizer"                  daemon [_thread_blocked, id=21316, stack(0x000000fa5d200000,0x000000fa5d300000) (1024K)]
  0x000002e27f827e20 JavaThread "Signal Dispatcher"          daemon [_thread_blocked, id=16224, stack(0x000000fa5d300000,0x000000fa5d400000) (1024K)]
  0x000002e27f828d10 JavaThread "Attach Listener"            daemon [_thread_blocked, id=4852, stack(0x000000fa5d400000,0x000000fa5d500000) (1024K)]
  0x000002e27f829920 JavaThread "Service Thread"             daemon [_thread_blocked, id=19184, stack(0x000000fa5d500000,0x000000fa5d600000) (1024K)]
  0x000002e27f82de40 JavaThread "Monitor Deflation Thread"   daemon [_thread_blocked, id=2900, stack(0x000000fa5d600000,0x000000fa5d700000) (1024K)]
  0x000002e27f82eeb0 JavaThread "C2 CompilerThread0"         daemon [_thread_blocked, id=10488, stack(0x000000fa5d700000,0x000000fa5d800000) (1024K)]
  0x000002e27f82f950 JavaThread "C1 CompilerThread0"         daemon [_thread_blocked, id=14844, stack(0x000000fa5d800000,0x000000fa5d900000) (1024K)]
  0x000002e21b6c3600 JavaThread "Common-Cleaner"             daemon [_thread_blocked, id=24944, stack(0x000000fa5d900000,0x000000fa5da00000) (1024K)]
  0x000002e21b709f30 JavaThread "Notification Thread"        daemon [_thread_blocked, id=16236, stack(0x000000fa5da00000,0x000000fa5db00000) (1024K)]
  0x000002e2564a26f0 JavaThread "Daemon health stats"               [_thread_blocked, id=19332, stack(0x000000fa5e200000,0x000000fa5e300000) (1024K)]
  0x000002e2565f8f90 JavaThread "Incoming local TCP Connector on port 64617"        [_thread_in_native, id=8788, stack(0x000000fa5e300000,0x000000fa5e400000) (1024K)]
  0x000002e25656a0e0 JavaThread "Daemon periodic checks"            [_thread_blocked, id=11600, stack(0x000000fa5e400000,0x000000fa5e500000) (1024K)]
  0x000002e2567ce920 JavaThread "Daemon"                            [_thread_blocked, id=26904, stack(0x000000fa5e500000,0x000000fa5e600000) (1024K)]
  0x000002e2567cb8a0 JavaThread "Handler for socket connection from /127.0.0.1:64617 to /127.0.0.1:64618"        [_thread_in_native, id=18480, stack(0x000000fa5e600000,0x000000fa5e700000) (1024K)]
  0x000002e256766d90 JavaThread "Cancel handler"                    [_thread_blocked, id=12152, stack(0x000000fa5e700000,0x000000fa5e800000) (1024K)]
  0x000002e25676b440 JavaThread "Daemon worker"                     [_thread_blocked, id=21176, stack(0x000000fa5e800000,0x000000fa5e900000) (1024K)]
  0x000002e25676bad0 JavaThread "Asynchronous log dispatcher for DefaultDaemonConnection: socket connection from /127.0.0.1:64617 to /127.0.0.1:64618"        [_thread_blocked, id=8544, stack(0x000000fa5e900000,0x000000fa5ea00000) (1024K)]
  0x000002e256769a00 JavaThread "Stdin handler"                     [_thread_blocked, id=19320, stack(0x000000fa5ea00000,0x000000fa5eb00000) (1024K)]
  0x000002e256768650 JavaThread "Daemon client event forwarder"        [_thread_blocked, id=26844, stack(0x000000fa5eb00000,0x000000fa5ec00000) (1024K)]
  0x000002e25676a090 JavaThread "Cache worker for journal cache (C:\Users\91770\.gradle\caches\journal-1)"        [_thread_blocked, id=22640, stack(0x000000fa5ec00000,0x000000fa5ed00000) (1024K)]
  0x000002e256768ce0 JavaThread "File lock request listener"        [_thread_in_native, id=24812, stack(0x000000fa5ed00000,0x000000fa5ee00000) (1024K)]
  0x000002e25676a720 JavaThread "Cache worker for file hash cache (C:\Users\91770\.gradle\caches\8.14.3\fileHashes)"        [_thread_blocked, id=17328, stack(0x000000fa5ee00000,0x000000fa5ef00000) (1024K)]
  0x000002e25676adb0 JavaThread "Cache worker for file hash cache (D:\Money_Expence_Tracker_MobileApplication\android\.gradle\8.14.3\fileHashes)"        [_thread_blocked, id=13016, stack(0x000000fa5f300000,0x000000fa5f400000) (1024K)]
  0x000002e2588874e0 JavaThread "Cache worker for Build Output Cleanup Cache (D:\Money_Expence_Tracker_MobileApplication\android\.gradle\buildOutputCleanup)"        [_thread_blocked, id=18460, stack(0x000000fa5f400000,0x000000fa5f500000) (1024K)]
  0x000002e2588867c0 JavaThread "File watcher server"        daemon [_thread_in_native, id=12012, stack(0x000000fa5f500000,0x000000fa5f600000) (1024K)]
  0x000002e258886130 JavaThread "File watcher consumer"      daemon [_thread_blocked, id=25536, stack(0x000000fa5f600000,0x000000fa5f700000) (1024K)]
  0x000002e258888890 JavaThread "jar transforms"                    [_thread_blocked, id=25348, stack(0x000000fa5f700000,0x000000fa5f800000) (1024K)]
  0x000002e258887b70 JavaThread "Cache worker for checksums cache (D:\Money_Expence_Tracker_MobileApplication\android\.gradle\8.14.3\checksums)"        [_thread_blocked, id=5324, stack(0x000000fa5f800000,0x000000fa5f900000) (1024K)]
  0x000002e258888200 JavaThread "Cache worker for file content cache (C:\Users\91770\.gradle\caches\8.14.3\fileContent)"        [_thread_blocked, id=16428, stack(0x000000fa5f900000,0x000000fa5fa00000) (1024K)]
  0x000002e25872d310 JavaThread "Cache worker for cache directory md-supplier (C:\Users\91770\.gradle\caches\8.14.3\md-supplier)"        [_thread_blocked, id=4004, stack(0x000000fa5fd00000,0x000000fa5fe00000) (1024K)]
  0x000002e25872cc80 JavaThread "Cache worker for cache directory md-rule (C:\Users\91770\.gradle\caches\8.14.3\md-rule)"        [_thread_blocked, id=10916, stack(0x000000fa5fe00000,0x000000fa5ff00000) (1024K)]
  0x000002e25872d9a0 JavaThread "Cache worker for Build Output Cleanup Cache (D:\Money_Expence_Tracker_MobileApplication\node_modules\@react-native\gradle-plugin\.gradle\buildOutputCleanup)"        [_thread_blocked, id=17688, stack(0x000000fa5ff00000,0x000000fa60000000) (1024K)]
  0x000002e25872ed50 JavaThread "Unconstrained build operations"        [_thread_blocked, id=15652, stack(0x000000fa60000000,0x000000fa60100000) (1024K)]
  0x000002e258730100 JavaThread "Unconstrained build operations Thread 2"        [_thread_blocked, id=9048, stack(0x000000fa60100000,0x000000fa60200000) (1024K)]
  0x000002e25872fa70 JavaThread "Unconstrained build operations Thread 3"        [_thread_blocked, id=24604, stack(0x000000fa60200000,0x000000fa60300000) (1024K)]
  0x000002e258730790 JavaThread "Unconstrained build operations Thread 4"        [_thread_blocked, id=27552, stack(0x000000fa60300000,0x000000fa60400000) (1024K)]
  0x000002e25872e030 JavaThread "Unconstrained build operations Thread 5"        [_thread_blocked, id=4184, stack(0x000000fa60400000,0x000000fa60500000) (1024K)]
  0x000002e258733580 JavaThread "Unconstrained build operations Thread 6"        [_thread_blocked, id=22740, stack(0x000000fa60500000,0x000000fa60600000) (1024K)]
  0x000002e258732860 JavaThread "Cache worker for Build Output Cleanup Cache (D:\Money_Expence_Tracker_MobileApplication\node_modules\expo-modules-autolinking\android\expo-gradle-plugin\.gradle\buildOutputCleanup)"        [_thread_blocked, id=22916, stack(0x000000fa60600000,0x000000fa60700000) (1024K)]
  0x000002e25773e420 JavaThread "Unconstrained build operations Thread 7"        [_thread_blocked, id=18664, stack(0x000000fa60700000,0x000000fa60800000) (1024K)]
  0x000002e25773d700 JavaThread "Unconstrained build operations Thread 8"        [_thread_blocked, id=2392, stack(0x000000fa60800000,0x000000fa60900000) (1024K)]
  0x000002e25773dd90 JavaThread "Unconstrained build operations Thread 9"        [_thread_blocked, id=4696, stack(0x000000fa60900000,0x000000fa60a00000) (1024K)]
  0x000002e25773f140 JavaThread "Unconstrained build operations Thread 10"        [_thread_blocked, id=18724, stack(0x000000fa60a00000,0x000000fa60b00000) (1024K)]
  0x000002e25773eab0 JavaThread "Unconstrained build operations Thread 11"        [_thread_blocked, id=22668, stack(0x000000fa60b00000,0x000000fa60c00000) (1024K)]
  0x000002e25773fe60 JavaThread "Unconstrained build operations Thread 12"        [_thread_blocked, id=25064, stack(0x000000fa60c00000,0x000000fa60d00000) (1024K)]
  0x000002e25773f7d0 JavaThread "Unconstrained build operations Thread 13"        [_thread_blocked, id=3264, stack(0x000000fa60d00000,0x000000fa60e00000) (1024K)]
  0x000002e25773c9e0 JavaThread "Unconstrained build operations Thread 14"        [_thread_blocked, id=12736, stack(0x000000fa60e00000,0x000000fa60f00000) (1024K)]
  0x000002e2577404f0 JavaThread "Unconstrained build operations Thread 15"        [_thread_blocked, id=27388, stack(0x000000fa60f00000,0x000000fa61000000) (1024K)]
  0x000002e25773d070 JavaThread "Unconstrained build operations Thread 16"        [_thread_blocked, id=12128, stack(0x000000fa61000000,0x000000fa61100000) (1024K)]
  0x000002e257742c50 JavaThread "Unconstrained build operations Thread 17"        [_thread_blocked, id=15892, stack(0x000000fa61100000,0x000000fa61200000) (1024K)]
  0x000002e257741210 JavaThread "Unconstrained build operations Thread 18"        [_thread_blocked, id=26664, stack(0x000000fa61200000,0x000000fa61300000) (1024K)]
  0x000002e2577425c0 JavaThread "Unconstrained build operations Thread 19"        [_thread_blocked, id=25860, stack(0x000000fa61300000,0x000000fa61400000) (1024K)]
  0x000002e2577432e0 JavaThread "Unconstrained build operations Thread 20"        [_thread_blocked, id=17420, stack(0x000000fa61400000,0x000000fa61500000) (1024K)]
  0x000002e2577418a0 JavaThread "Unconstrained build operations Thread 21"        [_thread_blocked, id=2196, stack(0x000000fa61500000,0x000000fa61600000) (1024K)]
  0x000002e257744000 JavaThread "Unconstrained build operations Thread 22"        [_thread_blocked, id=15004, stack(0x000000fa61600000,0x000000fa61700000) (1024K)]
  0x000002e257743970 JavaThread "Unconstrained build operations Thread 23"        [_thread_blocked, id=17452, stack(0x000000fa61700000,0x000000fa61800000) (1024K)]
  0x000002e257740b80 JavaThread "Unconstrained build operations Thread 24"        [_thread_blocked, id=23408, stack(0x000000fa61800000,0x000000fa61900000) (1024K)]
  0x000002e257741f30 JavaThread "Unconstrained build operations Thread 25"        [_thread_blocked, id=7060, stack(0x000000fa61900000,0x000000fa61a00000) (1024K)]
  0x000002e255d1e980 JavaThread "Unconstrained build operations Thread 26"        [_thread_blocked, id=2268, stack(0x000000fa61a00000,0x000000fa61b00000) (1024K)]
  0x000002e255d203c0 JavaThread "Unconstrained build operations Thread 27"        [_thread_blocked, id=18544, stack(0x000000fa61b00000,0x000000fa61c00000) (1024K)]
  0x000002e255d20a50 JavaThread "Unconstrained build operations Thread 28"        [_thread_blocked, id=1080, stack(0x000000fa61c00000,0x000000fa61d00000) (1024K)]
  0x000002e255d1d5d0 JavaThread "Unconstrained build operations Thread 29"        [_thread_blocked, id=24620, stack(0x000000fa61d00000,0x000000fa61e00000) (1024K)]
  0x000002e255d1f6a0 JavaThread "Unconstrained build operations Thread 30"        [_thread_blocked, id=27316, stack(0x000000fa61e00000,0x000000fa61f00000) (1024K)]
  0x000002e255d210e0 JavaThread "Unconstrained build operations Thread 31"        [_thread_blocked, id=21304, stack(0x000000fa61f00000,0x000000fa62000000) (1024K)]
  0x000002e255d1dc60 JavaThread "Unconstrained build operations Thread 32"        [_thread_blocked, id=2380, stack(0x000000fa62000000,0x000000fa62100000) (1024K)]
  0x000002e255d21770 JavaThread "Unconstrained build operations Thread 33"        [_thread_blocked, id=18808, stack(0x000000fa62100000,0x000000fa62200000) (1024K)]
  0x000002e255d1fd30 JavaThread "Unconstrained build operations Thread 34"        [_thread_blocked, id=8856, stack(0x000000fa62200000,0x000000fa62300000) (1024K)]
  0x000002e255d1e2f0 JavaThread "Unconstrained build operations Thread 35"        [_thread_blocked, id=15584, stack(0x000000fa62300000,0x000000fa62400000) (1024K)]
  0x000002e255d24560 JavaThread "Unconstrained build operations Thread 36"        [_thread_blocked, id=27364, stack(0x000000fa62400000,0x000000fa62500000) (1024K)]
  0x000002e255d231b0 JavaThread "Unconstrained build operations Thread 37"        [_thread_blocked, id=27340, stack(0x000000fa62500000,0x000000fa62600000) (1024K)]
  0x000002e255d23ed0 JavaThread "Unconstrained build operations Thread 38"        [_thread_blocked, id=25680, stack(0x000000fa62600000,0x000000fa62700000) (1024K)]
  0x000002e255d24bf0 JavaThread "Unconstrained build operations Thread 39"        [_thread_blocked, id=8888, stack(0x000000fa62700000,0x000000fa62800000) (1024K)]
  0x000002e25718d430 JavaThread "build event listener"              [_thread_blocked, id=17340, stack(0x000000fa62800000,0x000000fa62900000) (1024K)]
  0x000002e25718cda0 JavaThread "Memory manager"                    [_thread_blocked, id=18924, stack(0x000000fa62900000,0x000000fa62a00000) (1024K)]
  0x000002e257190220 JavaThread "Unconstrained build operations Thread 40"        [_thread_blocked, id=11208, stack(0x000000fa62a00000,0x000000fa62b00000) (1024K)]
  0x000002e2571908b0 JavaThread "Unconstrained build operations Thread 41"        [_thread_blocked, id=26824, stack(0x000000fa62b00000,0x000000fa62c00000) (1024K)]
  0x000002e257190f40 JavaThread "Unconstrained build operations Thread 42"        [_thread_blocked, id=12020, stack(0x000000fa62c00000,0x000000fa62d00000) (1024K)]
  0x000002e25718dac0 JavaThread "Unconstrained build operations Thread 43"        [_thread_blocked, id=27236, stack(0x000000fa62d00000,0x000000fa62e00000) (1024K)]
  0x000002e255d22490 JavaThread "Unconstrained build operations Thread 44"        [_thread_blocked, id=18740, stack(0x000000fa62e00000,0x000000fa62f00000) (1024K)]
  0x000002e255d23840 JavaThread "Unconstrained build operations Thread 45"        [_thread_blocked, id=14004, stack(0x000000fa62f00000,0x000000fa63000000) (1024K)]
  0x000002e258e49ae0 JavaThread "Unconstrained build operations Thread 46"        [_thread_blocked, id=22952, stack(0x000000fa63000000,0x000000fa63100000) (1024K)]
  0x000002e258e4a800 JavaThread "Unconstrained build operations Thread 47"        [_thread_blocked, id=22760, stack(0x000000fa63100000,0x000000fa63200000) (1024K)]
  0x000002e258e480a0 JavaThread "Unconstrained build operations Thread 48"        [_thread_blocked, id=11628, stack(0x000000fa63200000,0x000000fa63300000) (1024K)]
  0x000002e258e48730 JavaThread "Unconstrained build operations Thread 49"        [_thread_blocked, id=22636, stack(0x000000fa63300000,0x000000fa63400000) (1024K)]
  0x000002e258e4ae90 JavaThread "Unconstrained build operations Thread 50"        [_thread_blocked, id=12900, stack(0x000000fa63400000,0x000000fa63500000) (1024K)]
  0x000002e258e49450 JavaThread "build event listener"              [_thread_blocked, id=1088, stack(0x000000fa63500000,0x000000fa63600000) (1024K)]
  0x000002e258e4c240 JavaThread "Unconstrained build operations Thread 51"        [_thread_blocked, id=9448, stack(0x000000fa63600000,0x000000fa63700000) (1024K)]
  0x000002e258e4cf60 JavaThread "Unconstrained build operations Thread 52"        [_thread_blocked, id=24084, stack(0x000000fa63700000,0x000000fa63800000) (1024K)]
  0x000002e258e4dc80 JavaThread "Unconstrained build operations Thread 53"        [_thread_blocked, id=26332, stack(0x000000fa63800000,0x000000fa63900000) (1024K)]
  0x000002e258e4d5f0 JavaThread "Unconstrained build operations Thread 54"        [_thread_blocked, id=27592, stack(0x000000fa63900000,0x000000fa63a00000) (1024K)]
  0x000002e258e4c8d0 JavaThread "Unconstrained build operations Thread 55"        [_thread_blocked, id=10060, stack(0x000000fa63a00000,0x000000fa63b00000) (1024K)]
  0x000002e258e4e310 JavaThread "Unconstrained build operations Thread 56"        [_thread_blocked, id=14552, stack(0x000000fa63b00000,0x000000fa63c00000) (1024K)]
  0x000002e258e4e9a0 JavaThread "Unconstrained build operations Thread 57"        [_thread_blocked, id=16296, stack(0x000000fa63c00000,0x000000fa63d00000) (1024K)]
  0x000002e258e4f030 JavaThread "Unconstrained build operations Thread 58"        [_thread_blocked, id=7816, stack(0x000000fa63d00000,0x000000fa63e00000) (1024K)]
  0x000002e25718b360 JavaThread "Unconstrained build operations Thread 59"        [_thread_blocked, id=15332, stack(0x000000fa63e00000,0x000000fa63f00000) (1024K)]
  0x000002e25718ee70 JavaThread "Unconstrained build operations Thread 60"        [_thread_blocked, id=2800, stack(0x000000fa63f00000,0x000000fa64000000) (1024K)]
  0x000002e255d22b20 JavaThread "Unconstrained build operations Thread 61"        [_thread_blocked, id=18232, stack(0x000000fa64000000,0x000000fa64100000) (1024K)]
  0x000002e25a450720 JavaThread "Unconstrained build operations Thread 62"        [_thread_blocked, id=10084, stack(0x000000fa64100000,0x000000fa64200000) (1024K)]
  0x000002e25a450090 JavaThread "Unconstrained build operations Thread 63"        [_thread_blocked, id=24312, stack(0x000000fa64200000,0x000000fa64300000) (1024K)]
  0x000002e25a450db0 JavaThread "Unconstrained build operations Thread 64"        [_thread_blocked, id=9228, stack(0x000000fa64300000,0x000000fa64400000) (1024K)]
  0x000002e25a44dfc0 JavaThread "Unconstrained build operations Thread 65"        [_thread_blocked, id=21188, stack(0x000000fa64400000,0x000000fa64500000) (1024K)]
  0x000002e25a44fa00 JavaThread "Unconstrained build operations Thread 66"        [_thread_blocked, id=11972, stack(0x000000fa64500000,0x000000fa64600000) (1024K)]
  0x000002e25a44f370 JavaThread "Unconstrained build operations Thread 67"        [_thread_blocked, id=27476, stack(0x000000fa64600000,0x000000fa64700000) (1024K)]
  0x000002e25a451440 JavaThread "Unconstrained build operations Thread 68"        [_thread_blocked, id=11788, stack(0x000000fa64700000,0x000000fa64800000) (1024K)]
  0x000002e25a451ad0 JavaThread "Unconstrained build operations Thread 69"        [_thread_blocked, id=7908, stack(0x000000fa64800000,0x000000fa64900000) (1024K)]
  0x000002e25a44e650 JavaThread "Unconstrained build operations Thread 70"        [_thread_blocked, id=23212, stack(0x000000fa64900000,0x000000fa64a00000) (1024K)]
  0x000002e25a452160 JavaThread "Unconstrained build operations Thread 71"        [_thread_blocked, id=19352, stack(0x000000fa64a00000,0x000000fa64b00000) (1024K)]
  0x000002e25a44ece0 JavaThread "Unconstrained build operations Thread 72"        [_thread_blocked, id=26820, stack(0x000000fa64b00000,0x000000fa64c00000) (1024K)]
  0x000002e25a4548c0 JavaThread "Unconstrained build operations Thread 73"        [_thread_blocked, id=21824, stack(0x000000fa64c00000,0x000000fa64d00000) (1024K)]
  0x000002e25a453ba0 JavaThread "Unconstrained build operations Thread 74"        [_thread_blocked, id=19280, stack(0x000000fa64d00000,0x000000fa64e00000) (1024K)]
  0x000002e25a454f50 JavaThread "ForkJoinPool.commonPool-worker-1" daemon [_thread_blocked, id=19924, stack(0x000000fa64e00000,0x000000fa64f00000) (1024K)]
  0x000002e25a4555e0 JavaThread "ForkJoinPool.commonPool-worker-2" daemon [_thread_blocked, id=21728, stack(0x000000fa64f00000,0x000000fa65000000) (1024K)]
  0x000002e25a452e80 JavaThread "ForkJoinPool.commonPool-worker-4" daemon [_thread_blocked, id=17080, stack(0x000000fa65100000,0x000000fa65200000) (1024K)]
  0x000002e25a453510 JavaThread "ForkJoinPool.commonPool-worker-5" daemon [_thread_blocked, id=26836, stack(0x000000fa65200000,0x000000fa65300000) (1024K)]
  0x000002e25a454230 JavaThread "ForkJoinPool.commonPool-worker-6" daemon [_thread_blocked, id=27564, stack(0x000000fa65300000,0x000000fa65400000) (1024K)]
  0x000002e258e48dc0 JavaThread "ForkJoinPool.commonPool-worker-9" daemon [_thread_blocked, id=24904, stack(0x000000fa65500000,0x000000fa65600000) (1024K)]
  0x000002e25718fb90 JavaThread "ForkJoinPool.commonPool-worker-8" daemon [_thread_blocked, id=17620, stack(0x000000fa65600000,0x000000fa65700000) (1024K)]
  0x000002e25a2d0420 JavaThread "Execution worker"                  [_thread_blocked, id=6660, stack(0x000000fa65c00000,0x000000fa65d00000) (1024K)]
  0x000002e25a2ce350 JavaThread "Execution worker Thread 2"         [_thread_blocked, id=23804, stack(0x000000fa65d00000,0x000000fa65e00000) (1024K)]
  0x000002e25a2cdcc0 JavaThread "Execution worker Thread 3"         [_thread_blocked, id=23304, stack(0x000000fa65e00000,0x000000fa65f00000) (1024K)]
  0x000002e25a2ce9e0 JavaThread "Execution worker Thread 4"         [_thread_blocked, id=14092, stack(0x000000fa65f00000,0x000000fa66000000) (1024K)]
  0x000002e25a2ccfa0 JavaThread "Execution worker Thread 5"         [_thread_blocked, id=16628, stack(0x000000fa66000000,0x000000fa66100000) (1024K)]
  0x000002e25a2d2b80 JavaThread "Execution worker Thread 6"         [_thread_blocked, id=24224, stack(0x000000fa66100000,0x000000fa66200000) (1024K)]
  0x000002e25a2d3f30 JavaThread "Execution worker Thread 7"         [_thread_blocked, id=26648, stack(0x000000fa66200000,0x000000fa66300000) (1024K)]
  0x000002e25a2d3210 JavaThread "Execution worker Thread 8"         [_thread_blocked, id=14576, stack(0x000000fa66300000,0x000000fa66400000) (1024K)]
  0x000002e25a2d0ab0 JavaThread "Execution worker Thread 9"         [_thread_blocked, id=12264, stack(0x000000fa66400000,0x000000fa66500000) (1024K)]
  0x000002e25a2d38a0 JavaThread "Execution worker Thread 10"        [_thread_blocked, id=10032, stack(0x000000fa66500000,0x000000fa66600000) (1024K)]
  0x000002e25a2d1140 JavaThread "Execution worker Thread 11"        [_thread_blocked, id=7876, stack(0x000000fa66600000,0x000000fa66700000) (1024K)]
  0x000002e25a2d17d0 JavaThread "Cache worker for execution history cache (D:\Money_Expence_Tracker_MobileApplication\node_modules\expo-modules-autolinking\android\expo-gradle-plugin\.gradle\8.14.3\executionHistory)"        [_thread_blocked, id=20244, stack(0x000000fa66700000,0x000000fa66800000) (1024K)]
  0x000002e25a2d1e60 JavaThread "Cache worker for execution history cache (D:\Money_Expence_Tracker_MobileApplication\node_modules\@react-native\gradle-plugin\.gradle\8.14.3\executionHistory)"        [_thread_blocked, id=5152, stack(0x000000fa66800000,0x000000fa66900000) (1024K)]
  0x000002e258e47a10 JavaThread "Unconstrained build operations Thread 75"        [_thread_blocked, id=23728, stack(0x000000fa66900000,0x000000fa66a00000) (1024K)]
  0x000002e258e4b520 JavaThread "Unconstrained build operations Thread 76"        [_thread_blocked, id=21416, stack(0x000000fa66a00000,0x000000fa66b00000) (1024K)]
  0x000002e25a2d24f0 JavaThread "Unconstrained build operations Thread 77"        [_thread_blocked, id=20460, stack(0x000000fa66b00000,0x000000fa66c00000) (1024K)]
  0x000002e2582659e0 JavaThread "Unconstrained build operations Thread 78"        [_thread_blocked, id=3012, stack(0x000000fa66c00000,0x000000fa66d00000) (1024K)]
  0x000002e258266070 JavaThread "Unconstrained build operations Thread 79"        [_thread_blocked, id=19220, stack(0x000000fa66d00000,0x000000fa66e00000) (1024K)]
  0x000002e258263910 JavaThread "Unconstrained build operations Thread 80"        [_thread_blocked, id=18648, stack(0x000000fa66e00000,0x000000fa66f00000) (1024K)]
  0x000002e258266700 JavaThread "Unconstrained build operations Thread 81"        [_thread_blocked, id=26792, stack(0x000000fa66f00000,0x000000fa67000000) (1024K)]
  0x000002e258264cc0 JavaThread "Unconstrained build operations Thread 82"        [_thread_blocked, id=12704, stack(0x000000fa67000000,0x000000fa67100000) (1024K)]
  0x000002e258265350 JavaThread "Unconstrained build operations Thread 83"        [_thread_blocked, id=5492, stack(0x000000fa67100000,0x000000fa67200000) (1024K)]
  0x000002e258266d90 JavaThread "Unconstrained build operations Thread 84"        [_thread_blocked, id=4948, stack(0x000000fa67200000,0x000000fa67300000) (1024K)]
  0x000002e258267420 JavaThread "Unconstrained build operations Thread 85"        [_thread_blocked, id=22972, stack(0x000000fa67300000,0x000000fa67400000) (1024K)]
  0x000002e258264630 JavaThread "Unconstrained build operations Thread 86"        [_thread_blocked, id=22840, stack(0x000000fa67400000,0x000000fa67500000) (1024K)]
  0x000002e258263fa0 JavaThread "Unconstrained build operations Thread 87"        [_thread_blocked, id=11864, stack(0x000000fa67500000,0x000000fa67600000) (1024K)]
  0x000002e25826af30 JavaThread "Unconstrained build operations Thread 88"        [_thread_blocked, id=15432, stack(0x000000fa67600000,0x000000fa67700000) (1024K)]
  0x000002e2582694f0 JavaThread "Unconstrained build operations Thread 89"        [_thread_blocked, id=18804, stack(0x000000fa67700000,0x000000fa67800000) (1024K)]
  0x000002e258269b80 JavaThread "Unconstrained build operations Thread 90"        [_thread_blocked, id=7528, stack(0x000000fa67800000,0x000000fa67900000) (1024K)]
  0x000002e258267ab0 JavaThread "Unconstrained build operations Thread 91"        [_thread_blocked, id=6260, stack(0x000000fa67900000,0x000000fa67a00000) (1024K)]
  0x000002e258268140 JavaThread "Unconstrained build operations Thread 92"        [_thread_blocked, id=24700, stack(0x000000fa67a00000,0x000000fa67b00000) (1024K)]
  0x000002e25826a210 JavaThread "Unconstrained build operations Thread 93"        [_thread_blocked, id=23556, stack(0x000000fa67b00000,0x000000fa67c00000) (1024K)]
  0x000002e2582687d0 JavaThread "Unconstrained build operations Thread 94"        [_thread_blocked, id=8040, stack(0x000000fa67c00000,0x000000fa67d00000) (1024K)]
  0x000002e258268e60 JavaThread "Unconstrained build operations Thread 95"        [_thread_blocked, id=1620, stack(0x000000fa67d00000,0x000000fa67e00000) (1024K)]
  0x000002e25826a8a0 JavaThread "Unconstrained build operations Thread 96"        [_thread_blocked, id=17528, stack(0x000000fa67e00000,0x000000fa67f00000) (1024K)]
  0x000002e258c74060 JavaThread "Unconstrained build operations Thread 97"        [_thread_blocked, id=19408, stack(0x000000fa67f00000,0x000000fa68000000) (1024K)]
  0x000002e258c75410 JavaThread "Unconstrained build operations Thread 98"        [_thread_blocked, id=10568, stack(0x000000fa68000000,0x000000fa68100000) (1024K)]
  0x000002e258c746f0 JavaThread "Unconstrained build operations Thread 99"        [_thread_blocked, id=384, stack(0x000000fa68100000,0x000000fa68200000) (1024K)]
  0x000002e258c78200 JavaThread "Unconstrained build operations Thread 100"        [_thread_blocked, id=23396, stack(0x000000fa68200000,0x000000fa68300000) (1024K)]
  0x000002e258c767c0 JavaThread "Unconstrained build operations Thread 101"        [_thread_blocked, id=27588, stack(0x000000fa68300000,0x000000fa68400000) (1024K)]
  0x000002e258c76130 JavaThread "Unconstrained build operations Thread 102"        [_thread_blocked, id=25968, stack(0x000000fa68400000,0x000000fa68500000) (1024K)]
  0x000002e258c75aa0 JavaThread "Unconstrained build operations Thread 103"        [_thread_blocked, id=13308, stack(0x000000fa68500000,0x000000fa68600000) (1024K)]
  0x000002e258c74d80 JavaThread "Unconstrained build operations Thread 104"        [_thread_blocked, id=24240, stack(0x000000fa68600000,0x000000fa68700000) (1024K)]
  0x000002e258c77b70 JavaThread "Unconstrained build operations Thread 105"        [_thread_blocked, id=13956, stack(0x000000fa68700000,0x000000fa68800000) (1024K)]
  0x000002e258c78f20 JavaThread "Unconstrained build operations Thread 106"        [_thread_blocked, id=26720, stack(0x000000fa68800000,0x000000fa68900000) (1024K)]
  0x000002e258c78890 JavaThread "Unconstrained build operations Thread 107"        [_thread_blocked, id=2696, stack(0x000000fa68900000,0x000000fa68a00000) (1024K)]
  0x000002e258c76e50 JavaThread "Unconstrained build operations Thread 108"        [_thread_blocked, id=9644, stack(0x000000fa68a00000,0x000000fa68b00000) (1024K)]
  0x000002e258c795b0 JavaThread "Unconstrained build operations Thread 109"        [_thread_blocked, id=19360, stack(0x000000fa68b00000,0x000000fa68c00000) (1024K)]
  0x000002e258c7a960 JavaThread "Unconstrained build operations Thread 110"        [_thread_blocked, id=5000, stack(0x000000fa68c00000,0x000000fa68d00000) (1024K)]
  0x000002e258c774e0 JavaThread "Unconstrained build operations Thread 111"        [_thread_blocked, id=11096, stack(0x000000fa68d00000,0x000000fa68e00000) (1024K)]
  0x000002e258c7aff0 JavaThread "Unconstrained build operations Thread 112"        [_thread_blocked, id=25748, stack(0x000000fa68e00000,0x000000fa68f00000) (1024K)]
  0x000002e258c7b680 JavaThread "Unconstrained build operations Thread 113"        [_thread_blocked, id=8116, stack(0x000000fa68f00000,0x000000fa69000000) (1024K)]
  0x000002e258c7d0c0 JavaThread "Unconstrained build operations Thread 114"        [_thread_blocked, id=6356, stack(0x000000fa69000000,0x000000fa69100000) (1024K)]
  0x000002e258c7bd10 JavaThread "Unconstrained build operations Thread 115"        [_thread_blocked, id=17684, stack(0x000000fa69100000,0x000000fa69200000) (1024K)]
  0x000002e258c7c3a0 JavaThread "Unconstrained build operations Thread 116"        [_thread_blocked, id=3764, stack(0x000000fa69200000,0x000000fa69300000) (1024K)]
  0x000002e258c7ca30 JavaThread "Unconstrained build operations Thread 117"        [_thread_blocked, id=23368, stack(0x000000fa69300000,0x000000fa69400000) (1024K)]
  0x000002e258c79c40 JavaThread "Unconstrained build operations Thread 118"        [_thread_blocked, id=17972, stack(0x000000fa69400000,0x000000fa69500000) (1024K)]
  0x000002e258c7d750 JavaThread "Unconstrained build operations Thread 119"        [_thread_blocked, id=23296, stack(0x000000fa69500000,0x000000fa69600000) (1024K)]
  0x000002e258c7a2d0 JavaThread "Unconstrained build operations Thread 120"        [_thread_blocked, id=7764, stack(0x000000fa69600000,0x000000fa69700000) (1024K)]
  0x000002e258c80540 JavaThread "WorkerExecutor Queue"              [_thread_blocked, id=7692, stack(0x000000fa69700000,0x000000fa69800000) (1024K)]
  0x000002e258c7e470 JavaThread "RMI Scheduler(0)"           daemon [_thread_blocked, id=8232, stack(0x000000fa69800000,0x000000fa69900000) (1024K)]
  0x000002e258c81f80 JavaThread "RMI GC Daemon"              daemon [_thread_blocked, id=19708, stack(0x000000fa69a00000,0x000000fa69b00000) (1024K)]
  0x000002e258c7f190 JavaThread "RMI TCP Accept-0"           daemon [_thread_in_native, id=3404, stack(0x000000fa69b00000,0x000000fa69c00000) (1024K)]
  0x000002e258c7eb00 JavaThread "RMI Reaper"                        [_thread_blocked, id=24640, stack(0x000000fa69c00000,0x000000fa69d00000) (1024K)]
  0x000002e258c82610 JavaThread "RMI TCP Connection(4)-127.0.0.1" daemon [_thread_blocked, id=19400, stack(0x000000fa69d00000,0x000000fa69e00000) (1024K)]
  0x000002e26054fcd0 JavaThread "RMI TCP Accept-0"           daemon [_thread_in_native, id=1988, stack(0x000000fa5c800000,0x000000fa5c900000) (1024K)]
  0x000002e25f7a8a70 JavaThread "jar transforms Thread 2"           [_thread_blocked, id=3416, stack(0x000000fa65400000,0x000000fa65500000) (1024K)]
  0x000002e25f7a9790 JavaThread "Cache worker for Build Output Cleanup Cache (D:\Money_Expence_Tracker_MobileApplication\node_modules\expo-modules-core\expo-module-gradle-plugin\.gradle\buildOutputCleanup)"        [_thread_blocked, id=9832, stack(0x000000fa65700000,0x000000fa65800000) (1024K)]
  0x000002e26074d5f0 JavaThread "build event listener"              [_thread_blocked, id=11092, stack(0x000000fa65800000,0x000000fa65900000) (1024K)]
  0x000002e26074e310 JavaThread "Kotlin DSL Writer"                 [_thread_blocked, id=27380, stack(0x000000fa65900000,0x000000fa65a00000) (1024K)]
  0x000002e26f901b80 JavaThread "jar transforms Thread 3"           [_thread_blocked, id=26084, stack(0x000000fa65a00000,0x000000fa65b00000) (1024K)]
  0x000002e26f6ca3d0 JavaThread "included builds Thread 3"          [_thread_blocked, id=2476, stack(0x000000fa69e00000,0x000000fa69f00000) (1024K)]
  0x000002e26f6ccb30 JavaThread "included builds Thread 4"          [_thread_blocked, id=6580, stack(0x000000fa69f00000,0x000000fa6a000000) (1024K)]
  0x000002e26f6c9d40 JavaThread "included builds Thread 5"          [_thread_blocked, id=18428, stack(0x000000fa6a000000,0x000000fa6a100000) (1024K)]
  0x000002e26074bbb0 JavaThread "Cache worker for execution history cache (D:\Money_Expence_Tracker_MobileApplication\node_modules\expo-modules-core\expo-module-gradle-plugin\.gradle\8.14.3\executionHistory)"        [_thread_blocked, id=26264, stack(0x000000fa6a100000,0x000000fa6a200000) (1024K)]
  0x000002e261eb2c40 JavaThread "WorkerExecutor Queue Thread 3"        [_thread_in_native, id=11668, stack(0x000000fa6a200000,0x000000fa6a300000) (1024K)]
  0x000002e25f85a9d0 JavaThread "RMI RenewClean-[127.0.0.1:17872,org.jetbrains.kotlin.daemon.common.LoopbackNetworkInterface$ClientLoopbackSocketFactory@3d5acb19]" daemon [_thread_blocked, id=18720, stack(0x000000fa6a300000,0x000000fa6a400000) (1024K)]
  0x000002e26f750de0 JavaThread "RMI TCP Connection(5)-127.0.0.1" daemon [_thread_in_native, id=6404, stack(0x000000fa5c600000,0x000000fa5c700000) (1024K)]
Total: 197

Other Threads:
=>0x000002e27f805b00 VMThread "VM Thread"                           [id=25788, stack(0x000000fa5d000000,0x000000fa5d100000) (1024K)]
  0x000002e27f7f2cc0 WatcherThread "VM Periodic Task Thread"        [id=23388, stack(0x000000fa5cf00000,0x000000fa5d000000) (1024K)]
  0x000002e2796a5bb0 WorkerThread "GC Thread#0"                     [id=20408, stack(0x000000fa5ca00000,0x000000fa5cb00000) (1024K)]
  0x000002e2550391e0 WorkerThread "GC Thread#1"                     [id=10556, stack(0x000000fa5db00000,0x000000fa5dc00000) (1024K)]
  0x000002e21b7c46c0 WorkerThread "GC Thread#2"                     [id=23032, stack(0x000000fa5dc00000,0x000000fa5dd00000) (1024K)]
  0x000002e2559c6f80 WorkerThread "GC Thread#3"                     [id=27208, stack(0x000000fa5dd00000,0x000000fa5de00000) (1024K)]
  0x000002e255c3afd0 WorkerThread "GC Thread#4"                     [id=1160, stack(0x000000fa5de00000,0x000000fa5df00000) (1024K)]
  0x000002e255ae6c70 WorkerThread "GC Thread#5"                     [id=19472, stack(0x000000fa5df00000,0x000000fa5e000000) (1024K)]
  0x000002e256579a70 WorkerThread "GC Thread#6"                     [id=16276, stack(0x000000fa5e000000,0x000000fa5e100000) (1024K)]
  0x000002e25657ac40 WorkerThread "GC Thread#7"                     [id=26260, stack(0x000000fa5e100000,0x000000fa5e200000) (1024K)]
  0x000002e256b7a730 WorkerThread "GC Thread#8"                     [id=13560, stack(0x000000fa5ef00000,0x000000fa5f000000) (1024K)]
  0x000002e256b7aae0 WorkerThread "GC Thread#9"                     [id=17068, stack(0x000000fa5f000000,0x000000fa5f100000) (1024K)]
  0x000002e2796b6ab0 ConcurrentGCThread "G1 Main Marker"            [id=15336, stack(0x000000fa5cb00000,0x000000fa5cc00000) (1024K)]
  0x000002e2796b9200 WorkerThread "G1 Conc#0"                       [id=26152, stack(0x000000fa5cc00000,0x000000fa5cd00000) (1024K)]
  0x000002e2575438f0 WorkerThread "G1 Conc#1"                       [id=22724, stack(0x000000fa5f100000,0x000000fa5f200000) (1024K)]
  0x000002e257541f20 WorkerThread "G1 Conc#2"                       [id=13648, stack(0x000000fa5f200000,0x000000fa5f300000) (1024K)]
  0x000002e27f6be4e0 ConcurrentGCThread "G1 Refine#0"               [id=24252, stack(0x000000fa5cd00000,0x000000fa5ce00000) (1024K)]
  0x000002e27f6bed10 ConcurrentGCThread "G1 Service"                [id=6444, stack(0x000000fa5ce00000,0x000000fa5cf00000) (1024K)]
Total: 18

Threads with active compile tasks:
Total: 0

VM state: at safepoint (normal execution)

VM Mutex/Monitor currently owned by a thread:  ([mutex/lock_event])
[0x00007ffc9b2eaf50] Threads_lock - owner thread: 0x000002e27f805b00
[0x00007ffc9b2eb050] Heap_lock - owner thread: 0x000002e258c74060

Heap address: 0x0000000700000000, size: 4096 MB, Compressed Oops mode: Zero based, Oop shift amount: 3

CDS archive(s) mapped at: [0x000002e21c000000-0x000002e21cc90000-0x000002e21cc90000), size 13172736, SharedBaseAddress: 0x000002e21c000000, ArchiveRelocationMode: 1.
Compressed class space mapped at: 0x000002e21d000000-0x000002e251000000, reserved size: 872415232
Narrow klass base: 0x000002e21c000000, Narrow klass shift: 0, Narrow klass range: 0x100000000

GC Precious Log:
 CardTable entry size: 512
 Card Set container configuration: InlinePtr #cards 4 size 8 Array Of Cards #cards 16 size 48 Howl #buckets 8 coarsen threshold 3686 Howl Bitmap #cards 512 size 80 coarsen threshold 460 Card regions per heap region 1 cards per card region 4096
 CPUs: 12 total, 12 available
 Memory: 5989M
 Large Page Support: Disabled
 NUMA Support: Disabled
 Compressed Oops: Enabled (Zero based)
 Heap Region Size: 2M
 Heap Min Capacity: 8M
 Heap Initial Capacity: 94M
 Heap Max Capacity: 4G
 Pre-touch: Disabled
 Parallel Workers: 10
 Concurrent Workers: 3
 Concurrent Refinement Workers: 10
 Periodic GC: Disabled

Heap:
 garbage-first heap   total 833536K, used 208763K [0x0000000700000000, 0x0000000800000000)
  region size 2048K, 1 young (2048K), 1 survivors (2048K)
 Metaspace       used 186945K, committed 190016K, reserved 1048576K
  class space    used 23600K, committed 25088K, reserved 851968K

Heap Regions: E=young(eden), S=young(survivor), O=old, HS=humongous(starts), HC=humongous(continues), CS=collection set, F=free, TAMS=top-at-mark-start, PB=parsable bottom
|   0|0x0000000700000000, 0x0000000700200000, 0x0000000700200000|100%|HS|  |TAMS 0x0000000700000000| PB 0x0000000700000000| Complete 
|   1|0x0000000700200000, 0x0000000700400000, 0x0000000700400000|100%|HC|  |TAMS 0x0000000700200000| PB 0x0000000700200000| Complete 
|   2|0x0000000700400000, 0x0000000700600000, 0x0000000700600000|100%| O|  |TAMS 0x0000000700400000| PB 0x0000000700400000| Untracked 
|   3|0x0000000700600000, 0x0000000700800000, 0x0000000700800000|100%| O|  |TAMS 0x0000000700600000| PB 0x0000000700600000| Untracked 
|   4|0x0000000700800000, 0x0000000700a00000, 0x0000000700a00000|100%| O|  |TAMS 0x0000000700800000| PB 0x0000000700800000| Untracked 
|   5|0x0000000700a00000, 0x0000000700c00000, 0x0000000700c00000|100%| O|  |TAMS 0x0000000700a00000| PB 0x0000000700a00000| Untracked 
|   6|0x0000000700c00000, 0x0000000700e00000, 0x0000000700e00000|100%| O|  |TAMS 0x0000000700c00000| PB 0x0000000700c00000| Untracked 
|   7|0x0000000700e00000, 0x0000000701000000, 0x0000000701000000|100%| O|  |TAMS 0x0000000700e00000| PB 0x0000000700e00000| Untracked 
|   8|0x0000000701000000, 0x0000000701200000, 0x0000000701200000|100%| O|  |TAMS 0x0000000701000000| PB 0x0000000701000000| Untracked 
|   9|0x0000000701200000, 0x0000000701400000, 0x0000000701400000|100%| O|  |TAMS 0x0000000701200000| PB 0x0000000701200000| Untracked 
|  10|0x0000000701400000, 0x0000000701600000, 0x0000000701600000|100%| O|  |TAMS 0x0000000701400000| PB 0x0000000701400000| Untracked 
|  11|0x0000000701600000, 0x0000000701800000, 0x0000000701800000|100%| O|  |TAMS 0x0000000701600000| PB 0x0000000701600000| Untracked 
|  12|0x0000000701800000, 0x0000000701a00000, 0x0000000701a00000|100%| O|  |TAMS 0x0000000701800000| PB 0x0000000701800000| Untracked 
|  13|0x0000000701a00000, 0x0000000701c00000, 0x0000000701c00000|100%| O|  |TAMS 0x0000000701a00000| PB 0x0000000701a00000| Untracked 
|  14|0x0000000701c00000, 0x0000000701e00000, 0x0000000701e00000|100%| O|  |TAMS 0x0000000701c00000| PB 0x0000000701c00000| Untracked 
|  15|0x0000000701e00000, 0x0000000702000000, 0x0000000702000000|100%| O|  |TAMS 0x0000000701e00000| PB 0x0000000701e00000| Untracked 
|  16|0x0000000702000000, 0x0000000702200000, 0x0000000702200000|100%| O|  |TAMS 0x0000000702000000| PB 0x0000000702000000| Untracked 
|  17|0x0000000702200000, 0x0000000702400000, 0x0000000702400000|100%| O|  |TAMS 0x0000000702200000| PB 0x0000000702200000| Untracked 
|  18|0x0000000702400000, 0x0000000702600000, 0x0000000702600000|100%| O|  |TAMS 0x0000000702400000| PB 0x0000000702400000| Untracked 
|  19|0x0000000702600000, 0x0000000702800000, 0x0000000702800000|100%| O|  |TAMS 0x0000000702600000| PB 0x0000000702600000| Untracked 
|  20|0x0000000702800000, 0x0000000702a00000, 0x0000000702a00000|100%| O|  |TAMS 0x0000000702800000| PB 0x0000000702800000| Untracked 
|  21|0x0000000702a00000, 0x0000000702c00000, 0x0000000702c00000|100%|HS|  |TAMS 0x0000000702a00000| PB 0x0000000702a00000| Complete 
|  22|0x0000000702c00000, 0x0000000702e00000, 0x0000000702e00000|100%|HC|  |TAMS 0x0000000702c00000| PB 0x0000000702c00000| Complete 
|  23|0x0000000702e00000, 0x0000000703000000, 0x0000000703000000|100%|HS|  |TAMS 0x0000000702e00000| PB 0x0000000702e00000| Complete 
|  24|0x0000000703000000, 0x0000000703200000, 0x0000000703200000|100%|HC|  |TAMS 0x0000000703000000| PB 0x0000000703000000| Complete 
|  25|0x0000000703200000, 0x0000000703400000, 0x0000000703400000|100%| O|  |TAMS 0x0000000703200000| PB 0x0000000703200000| Untracked 
|  26|0x0000000703400000, 0x0000000703600000, 0x0000000703600000|100%| O|  |TAMS 0x0000000703400000| PB 0x0000000703400000| Untracked 
|  27|0x0000000703600000, 0x0000000703800000, 0x0000000703800000|100%| O|  |TAMS 0x0000000703600000| PB 0x0000000703600000| Untracked 
|  28|0x0000000703800000, 0x0000000703a00000, 0x0000000703a00000|100%| O|  |TAMS 0x0000000703800000| PB 0x0000000703800000| Untracked 
|  29|0x0000000703a00000, 0x0000000703c00000, 0x0000000703c00000|100%| O|  |TAMS 0x0000000703a00000| PB 0x0000000703a00000| Untracked 
|  30|0x0000000703c00000, 0x0000000703e00000, 0x0000000703e00000|100%| O|  |TAMS 0x0000000703c00000| PB 0x0000000703c00000| Untracked 
|  31|0x0000000703e00000, 0x0000000704000000, 0x0000000704000000|100%| O|  |TAMS 0x0000000703e00000| PB 0x0000000703e00000| Untracked 
|  32|0x0000000704000000, 0x0000000704200000, 0x0000000704200000|100%| O|  |TAMS 0x0000000704000000| PB 0x0000000704000000| Untracked 
|  33|0x0000000704200000, 0x0000000704400000, 0x0000000704400000|100%| O|  |TAMS 0x0000000704200000| PB 0x0000000704200000| Untracked 
|  34|0x0000000704400000, 0x0000000704600000, 0x0000000704600000|100%| O|  |TAMS 0x0000000704400000| PB 0x0000000704400000| Untracked 
|  35|0x0000000704600000, 0x0000000704800000, 0x0000000704800000|100%| O|  |TAMS 0x0000000704600000| PB 0x0000000704600000| Untracked 
|  36|0x0000000704800000, 0x0000000704a00000, 0x0000000704a00000|100%| O|  |TAMS 0x0000000704800000| PB 0x0000000704800000| Untracked 
|  37|0x0000000704a00000, 0x0000000704c00000, 0x0000000704c00000|100%| O|  |TAMS 0x0000000704a00000| PB 0x0000000704a00000| Untracked 
|  38|0x0000000704c00000, 0x0000000704e00000, 0x0000000704e00000|100%| O|  |TAMS 0x0000000704c00000| PB 0x0000000704c00000| Untracked 
|  39|0x0000000704e00000, 0x0000000705000000, 0x0000000705000000|100%|HS|  |TAMS 0x0000000704e00000| PB 0x0000000704e00000| Complete 
|  40|0x0000000705000000, 0x0000000705200000, 0x0000000705200000|100%|HC|  |TAMS 0x0000000705000000| PB 0x0000000705000000| Complete 
|  41|0x0000000705200000, 0x0000000705400000, 0x0000000705400000|100%| O|  |TAMS 0x0000000705200000| PB 0x0000000705200000| Untracked 
|  42|0x0000000705400000, 0x0000000705600000, 0x0000000705600000|100%| O|  |TAMS 0x0000000705400000| PB 0x0000000705400000| Untracked 
|  43|0x0000000705600000, 0x0000000705800000, 0x0000000705800000|100%| O|  |TAMS 0x0000000705600000| PB 0x0000000705600000| Untracked 
|  44|0x0000000705800000, 0x0000000705a00000, 0x0000000705a00000|100%| O|  |TAMS 0x0000000705800000| PB 0x0000000705800000| Untracked 
|  45|0x0000000705a00000, 0x0000000705c00000, 0x0000000705c00000|100%| O|  |TAMS 0x0000000705a00000| PB 0x0000000705a00000| Untracked 
|  46|0x0000000705c00000, 0x0000000705e00000, 0x0000000705e00000|100%| O|  |TAMS 0x0000000705c00000| PB 0x0000000705c00000| Untracked 
|  47|0x0000000705e00000, 0x0000000706000000, 0x0000000706000000|100%| O|  |TAMS 0x0000000705e00000| PB 0x0000000705e00000| Untracked 
|  48|0x0000000706000000, 0x0000000706200000, 0x0000000706200000|100%| O|  |TAMS 0x0000000706000000| PB 0x0000000706000000| Untracked 
|  49|0x0000000706200000, 0x0000000706400000, 0x0000000706400000|100%| O|  |TAMS 0x0000000706200000| PB 0x0000000706200000| Untracked 
|  50|0x0000000706400000, 0x0000000706600000, 0x0000000706600000|100%| O|  |TAMS 0x0000000706400000| PB 0x0000000706400000| Untracked 
|  51|0x0000000706600000, 0x0000000706800000, 0x0000000706800000|100%| O|  |TAMS 0x0000000706600000| PB 0x0000000706600000| Untracked 
|  52|0x0000000706800000, 0x0000000706a00000, 0x0000000706a00000|100%| O|  |TAMS 0x0000000706800000| PB 0x0000000706800000| Untracked 
|  53|0x0000000706a00000, 0x0000000706c00000, 0x0000000706c00000|100%| O|  |TAMS 0x0000000706a00000| PB 0x0000000706a00000| Untracked 
|  54|0x0000000706c00000, 0x0000000706e00000, 0x0000000706e00000|100%| O|  |TAMS 0x0000000706c00000| PB 0x0000000706c00000| Untracked 
|  55|0x0000000706e00000, 0x0000000707000000, 0x0000000707000000|100%| O|  |TAMS 0x0000000706e00000| PB 0x0000000706e00000| Untracked 
|  56|0x0000000707000000, 0x0000000707200000, 0x0000000707200000|100%| O|  |TAMS 0x0000000707000000| PB 0x0000000707000000| Untracked 
|  57|0x0000000707200000, 0x0000000707400000, 0x0000000707400000|100%| O|  |TAMS 0x0000000707200000| PB 0x0000000707200000| Untracked 
|  58|0x0000000707400000, 0x0000000707600000, 0x0000000707600000|100%| O|  |TAMS 0x0000000707400000| PB 0x0000000707400000| Untracked 
|  59|0x0000000707600000, 0x0000000707800000, 0x0000000707800000|100%| O|  |TAMS 0x0000000707600000| PB 0x0000000707600000| Untracked 
|  60|0x0000000707800000, 0x0000000707a00000, 0x0000000707a00000|100%| O|  |TAMS 0x0000000707800000| PB 0x0000000707800000| Untracked 
|  61|0x0000000707a00000, 0x0000000707c00000, 0x0000000707c00000|100%| O|  |TAMS 0x0000000707a00000| PB 0x0000000707a00000| Untracked 
|  62|0x0000000707c00000, 0x0000000707e00000, 0x0000000707e00000|100%| O|  |TAMS 0x0000000707c00000| PB 0x0000000707c00000| Untracked 
|  63|0x0000000707e00000, 0x0000000708000000, 0x0000000708000000|100%| O|  |TAMS 0x0000000707e00000| PB 0x0000000707e00000| Untracked 
|  64|0x0000000708000000, 0x0000000708200000, 0x0000000708200000|100%| O|  |TAMS 0x0000000708000000| PB 0x0000000708000000| Untracked 
|  65|0x0000000708200000, 0x0000000708400000, 0x0000000708400000|100%| O|  |TAMS 0x0000000708200000| PB 0x0000000708200000| Untracked 
|  66|0x0000000708400000, 0x0000000708600000, 0x0000000708600000|100%| O|Cm|TAMS 0x0000000708400000| PB 0x0000000708400000| Complete 
|  67|0x0000000708600000, 0x0000000708800000, 0x0000000708800000|100%| O|  |TAMS 0x0000000708600000| PB 0x0000000708600000| Untracked 
|  68|0x0000000708800000, 0x0000000708a00000, 0x0000000708a00000|100%| O|  |TAMS 0x0000000708800000| PB 0x0000000708800000| Untracked 
|  69|0x0000000708a00000, 0x0000000708c00000, 0x0000000708c00000|100%| O|  |TAMS 0x0000000708a00000| PB 0x0000000708a00000| Untracked 
|  70|0x0000000708c00000, 0x0000000708d68c00, 0x0000000708e00000| 70%| O|  |TAMS 0x0000000708c00000| PB 0x0000000708c00000| Untracked 
|  71|0x0000000708e00000, 0x0000000709000000, 0x0000000709000000|100%| O|  |TAMS 0x0000000708e00000| PB 0x0000000708e00000| Untracked 
|  72|0x0000000709000000, 0x0000000709200000, 0x0000000709200000|100%| O|  |TAMS 0x0000000709000000| PB 0x0000000709000000| Untracked 
|  73|0x0000000709200000, 0x0000000709400000, 0x0000000709400000|100%| O|  |TAMS 0x0000000709200000| PB 0x0000000709200000| Untracked 
|  74|0x0000000709400000, 0x0000000709600000, 0x0000000709600000|100%| O|  |TAMS 0x0000000709400000| PB 0x0000000709400000| Untracked 
|  75|0x0000000709600000, 0x0000000709800000, 0x0000000709800000|100%| O|  |TAMS 0x0000000709600000| PB 0x0000000709600000| Untracked 
|  76|0x0000000709800000, 0x0000000709a00000, 0x0000000709a00000|100%| O|Cm|TAMS 0x0000000709800000| PB 0x0000000709800000| Complete 
|  77|0x0000000709a00000, 0x0000000709b35b00, 0x0000000709c00000| 60%| O|Cm|TAMS 0x0000000709a00000| PB 0x0000000709a00000| Complete 
|  78|0x0000000709c00000, 0x0000000709e00000, 0x0000000709e00000|100%| O|  |TAMS 0x0000000709c00000| PB 0x0000000709c00000| Untracked 
|  79|0x0000000709e00000, 0x000000070a000000, 0x000000070a000000|100%| O|  |TAMS 0x0000000709e00000| PB 0x0000000709e00000| Untracked 
|  80|0x000000070a000000, 0x000000070a200000, 0x000000070a200000|100%| O|  |TAMS 0x000000070a000000| PB 0x000000070a000000| Untracked 
|  81|0x000000070a200000, 0x000000070a400000, 0x000000070a400000|100%| O|  |TAMS 0x000000070a200000| PB 0x000000070a200000| Untracked 
|  82|0x000000070a400000, 0x000000070a600000, 0x000000070a600000|100%| O|  |TAMS 0x000000070a400000| PB 0x000000070a400000| Untracked 
|  83|0x000000070a600000, 0x000000070a800000, 0x000000070a800000|100%| O|  |TAMS 0x000000070a600000| PB 0x000000070a600000| Untracked 
|  84|0x000000070a800000, 0x000000070a800000, 0x000000070aa00000|  0%| F|  |TAMS 0x000000070a800000| PB 0x000000070a800000| Untracked 
|  85|0x000000070aa00000, 0x000000070ac00000, 0x000000070ac00000|100%| O|  |TAMS 0x000000070aa00000| PB 0x000000070aa00000| Untracked 
|  86|0x000000070ac00000, 0x000000070ae00000, 0x000000070ae00000|100%| O|  |TAMS 0x000000070ac00000| PB 0x000000070ac00000| Untracked 
|  87|0x000000070ae00000, 0x000000070b000000, 0x000000070b000000|100%| O|  |TAMS 0x000000070ae00000| PB 0x000000070ae00000| Untracked 
|  88|0x000000070b000000, 0x000000070b200000, 0x000000070b200000|100%| O|Cm|TAMS 0x000000070b000000| PB 0x000000070b000000| Complete 
|  89|0x000000070b200000, 0x000000070b400000, 0x000000070b400000|100%| O|  |TAMS 0x000000070b200000| PB 0x000000070b200000| Untracked 
|  90|0x000000070b400000, 0x000000070b600000, 0x000000070b600000|100%| O|Cm|TAMS 0x000000070b400000| PB 0x000000070b400000| Complete 
|  91|0x000000070b600000, 0x000000070b800000, 0x000000070b800000|100%| O|  |TAMS 0x000000070b600000| PB 0x000000070b600000| Untracked 
|  92|0x000000070b800000, 0x000000070ba00000, 0x000000070ba00000|100%| O|  |TAMS 0x000000070b800000| PB 0x000000070b800000| Untracked 
|  93|0x000000070ba00000, 0x000000070bc00000, 0x000000070bc00000|100%| O|  |TAMS 0x000000070ba00000| PB 0x000000070ba00000| Untracked 
|  94|0x000000070bc00000, 0x000000070be00000, 0x000000070be00000|100%| O|  |TAMS 0x000000070bc00000| PB 0x000000070bc00000| Untracked 
|  95|0x000000070be00000, 0x000000070c000000, 0x000000070c000000|100%| O|  |TAMS 0x000000070be00000| PB 0x000000070be00000| Untracked 
|  96|0x000000070c000000, 0x000000070c200000, 0x000000070c200000|100%| O|  |TAMS 0x000000070c000000| PB 0x000000070c000000| Untracked 
|  97|0x000000070c200000, 0x000000070c400000, 0x000000070c400000|100%| O|  |TAMS 0x000000070c200000| PB 0x000000070c200000| Untracked 
|  98|0x000000070c400000, 0x000000070c600000, 0x000000070c600000|100%| O|  |TAMS 0x000000070c400000| PB 0x000000070c400000| Untracked 
|  99|0x000000070c600000, 0x000000070c800000, 0x000000070c800000|100%| O|  |TAMS 0x000000070c600000| PB 0x000000070c600000| Untracked 
| 100|0x000000070c800000, 0x000000070ca00000, 0x000000070ca00000|100%| O|  |TAMS 0x000000070c800000| PB 0x000000070c800000| Untracked 
| 101|0x000000070ca00000, 0x000000070cb45708, 0x000000070cc00000| 63%| O|  |TAMS 0x000000070ca00000| PB 0x000000070ca00000| Untracked 
| 102|0x000000070cc00000, 0x000000070cc00000, 0x000000070ce00000|  0%| F|  |TAMS 0x000000070cc00000| PB 0x000000070cc00000| Untracked 
| 103|0x000000070ce00000, 0x000000070ce00000, 0x000000070d000000|  0%| F|  |TAMS 0x000000070ce00000| PB 0x000000070ce00000| Untracked 
| 104|0x000000070d000000, 0x000000070d000000, 0x000000070d200000|  0%| F|  |TAMS 0x000000070d000000| PB 0x000000070d000000| Untracked 
| 105|0x000000070d200000, 0x000000070d200000, 0x000000070d400000|  0%| F|  |TAMS 0x000000070d200000| PB 0x000000070d200000| Untracked 
| 106|0x000000070d400000, 0x000000070d400000, 0x000000070d600000|  0%| F|  |TAMS 0x000000070d400000| PB 0x000000070d400000| Untracked 
| 107|0x000000070d600000, 0x000000070d600000, 0x000000070d800000|  0%| F|  |TAMS 0x000000070d600000| PB 0x000000070d600000| Untracked 
| 108|0x000000070d800000, 0x000000070d800000, 0x000000070da00000|  0%| F|  |TAMS 0x000000070d800000| PB 0x000000070d800000| Untracked 
| 109|0x000000070da00000, 0x000000070da00000, 0x000000070dc00000|  0%| F|  |TAMS 0x000000070da00000| PB 0x000000070da00000| Untracked 
| 110|0x000000070dc00000, 0x000000070dc00000, 0x000000070de00000|  0%| F|  |TAMS 0x000000070dc00000| PB 0x000000070dc00000| Untracked 
| 111|0x000000070de00000, 0x000000070de00000, 0x000000070e000000|  0%| F|  |TAMS 0x000000070de00000| PB 0x000000070de00000| Untracked 
| 112|0x000000070e000000, 0x000000070e000000, 0x000000070e200000|  0%| F|  |TAMS 0x000000070e000000| PB 0x000000070e000000| Untracked 
| 113|0x000000070e200000, 0x000000070e200000, 0x000000070e400000|  0%| F|  |TAMS 0x000000070e200000| PB 0x000000070e200000| Untracked 
| 114|0x000000070e400000, 0x000000070e400000, 0x000000070e600000|  0%| F|  |TAMS 0x000000070e400000| PB 0x000000070e400000| Untracked 
| 115|0x000000070e600000, 0x000000070e600000, 0x000000070e800000|  0%| F|  |TAMS 0x000000070e600000| PB 0x000000070e600000| Untracked 
| 116|0x000000070e800000, 0x000000070e800000, 0x000000070ea00000|  0%| F|  |TAMS 0x000000070e800000| PB 0x000000070e800000| Untracked 
| 117|0x000000070ea00000, 0x000000070ea00000, 0x000000070ec00000|  0%| F|  |TAMS 0x000000070ea00000| PB 0x000000070ea00000| Untracked 
| 118|0x000000070ec00000, 0x000000070ec00000, 0x000000070ee00000|  0%| F|  |TAMS 0x000000070ec00000| PB 0x000000070ec00000| Untracked 
| 119|0x000000070ee00000, 0x000000070ee00000, 0x000000070f000000|  0%| F|  |TAMS 0x000000070ee00000| PB 0x000000070ee00000| Untracked 
| 120|0x000000070f000000, 0x000000070f000000, 0x000000070f200000|  0%| F|  |TAMS 0x000000070f000000| PB 0x000000070f000000| Untracked 
| 121|0x000000070f200000, 0x000000070f200000, 0x000000070f400000|  0%| F|  |TAMS 0x000000070f200000| PB 0x000000070f200000| Untracked 
| 122|0x000000070f400000, 0x000000070f400000, 0x000000070f600000|  0%| F|  |TAMS 0x000000070f400000| PB 0x000000070f400000| Untracked 
| 123|0x000000070f600000, 0x000000070f600000, 0x000000070f800000|  0%| F|  |TAMS 0x000000070f600000| PB 0x000000070f600000| Untracked 
| 124|0x000000070f800000, 0x000000070f800000, 0x000000070fa00000|  0%| F|  |TAMS 0x000000070f800000| PB 0x000000070f800000| Untracked 
| 125|0x000000070fa00000, 0x000000070fa00000, 0x000000070fc00000|  0%| F|  |TAMS 0x000000070fa00000| PB 0x000000070fa00000| Untracked 
| 126|0x000000070fc00000, 0x000000070fc00000, 0x000000070fe00000|  0%| F|  |TAMS 0x000000070fc00000| PB 0x000000070fc00000| Untracked 
| 127|0x000000070fe00000, 0x000000070fe00000, 0x0000000710000000|  0%| F|  |TAMS 0x000000070fe00000| PB 0x000000070fe00000| Untracked 
| 128|0x0000000710000000, 0x0000000710000000, 0x0000000710200000|  0%| F|  |TAMS 0x0000000710000000| PB 0x0000000710000000| Untracked 
| 129|0x0000000710200000, 0x0000000710200000, 0x0000000710400000|  0%| F|  |TAMS 0x0000000710200000| PB 0x0000000710200000| Untracked 
| 130|0x0000000710400000, 0x0000000710400000, 0x0000000710600000|  0%| F|  |TAMS 0x0000000710400000| PB 0x0000000710400000| Untracked 
| 131|0x0000000710600000, 0x0000000710600000, 0x0000000710800000|  0%| F|  |TAMS 0x0000000710600000| PB 0x0000000710600000| Untracked 
| 132|0x0000000710800000, 0x0000000710800000, 0x0000000710a00000|  0%| F|  |TAMS 0x0000000710800000| PB 0x0000000710800000| Untracked 
| 133|0x0000000710a00000, 0x0000000710a00000, 0x0000000710c00000|  0%| F|  |TAMS 0x0000000710a00000| PB 0x0000000710a00000| Untracked 
| 134|0x0000000710c00000, 0x0000000710c00000, 0x0000000710e00000|  0%| F|  |TAMS 0x0000000710c00000| PB 0x0000000710c00000| Untracked 
| 135|0x0000000710e00000, 0x0000000710e00000, 0x0000000711000000|  0%| F|  |TAMS 0x0000000710e00000| PB 0x0000000710e00000| Untracked 
| 136|0x0000000711000000, 0x0000000711000000, 0x0000000711200000|  0%| F|  |TAMS 0x0000000711000000| PB 0x0000000711000000| Untracked 
| 137|0x0000000711200000, 0x0000000711200000, 0x0000000711400000|  0%| F|  |TAMS 0x0000000711200000| PB 0x0000000711200000| Untracked 
| 138|0x0000000711400000, 0x0000000711400000, 0x0000000711600000|  0%| F|  |TAMS 0x0000000711400000| PB 0x0000000711400000| Untracked 
| 139|0x0000000711600000, 0x0000000711600000, 0x0000000711800000|  0%| F|  |TAMS 0x0000000711600000| PB 0x0000000711600000| Untracked 
| 140|0x0000000711800000, 0x0000000711800000, 0x0000000711a00000|  0%| F|  |TAMS 0x0000000711800000| PB 0x0000000711800000| Untracked 
| 141|0x0000000711a00000, 0x0000000711a00000, 0x0000000711c00000|  0%| F|  |TAMS 0x0000000711a00000| PB 0x0000000711a00000| Untracked 
| 142|0x0000000711c00000, 0x0000000711c00000, 0x0000000711e00000|  0%| F|  |TAMS 0x0000000711c00000| PB 0x0000000711c00000| Untracked 
| 143|0x0000000711e00000, 0x0000000711e00000, 0x0000000712000000|  0%| F|  |TAMS 0x0000000711e00000| PB 0x0000000711e00000| Untracked 
| 144|0x0000000712000000, 0x0000000712000000, 0x0000000712200000|  0%| F|  |TAMS 0x0000000712000000| PB 0x0000000712000000| Untracked 
| 145|0x0000000712200000, 0x0000000712200000, 0x0000000712400000|  0%| F|  |TAMS 0x0000000712200000| PB 0x0000000712200000| Untracked 
| 146|0x0000000712400000, 0x0000000712400000, 0x0000000712600000|  0%| F|  |TAMS 0x0000000712400000| PB 0x0000000712400000| Untracked 
| 147|0x0000000712600000, 0x0000000712600000, 0x0000000712800000|  0%| F|  |TAMS 0x0000000712600000| PB 0x0000000712600000| Untracked 
| 148|0x0000000712800000, 0x0000000712800000, 0x0000000712a00000|  0%| F|  |TAMS 0x0000000712800000| PB 0x0000000712800000| Untracked 
| 149|0x0000000712a00000, 0x0000000712a00000, 0x0000000712c00000|  0%| F|  |TAMS 0x0000000712a00000| PB 0x0000000712a00000| Untracked 
| 150|0x0000000712c00000, 0x0000000712c00000, 0x0000000712e00000|  0%| F|  |TAMS 0x0000000712c00000| PB 0x0000000712c00000| Untracked 
| 151|0x0000000712e00000, 0x0000000712e00000, 0x0000000713000000|  0%| F|  |TAMS 0x0000000712e00000| PB 0x0000000712e00000| Untracked 
| 152|0x0000000713000000, 0x0000000713000000, 0x0000000713200000|  0%| F|  |TAMS 0x0000000713000000| PB 0x0000000713000000| Untracked 
| 153|0x0000000713200000, 0x0000000713200000, 0x0000000713400000|  0%| F|  |TAMS 0x0000000713200000| PB 0x0000000713200000| Untracked 
| 154|0x0000000713400000, 0x0000000713400000, 0x0000000713600000|  0%| F|  |TAMS 0x0000000713400000| PB 0x0000000713400000| Untracked 
| 155|0x0000000713600000, 0x0000000713600000, 0x0000000713800000|  0%| F|  |TAMS 0x0000000713600000| PB 0x0000000713600000| Untracked 
| 156|0x0000000713800000, 0x0000000713800000, 0x0000000713a00000|  0%| F|  |TAMS 0x0000000713800000| PB 0x0000000713800000| Untracked 
| 157|0x0000000713a00000, 0x0000000713a00000, 0x0000000713c00000|  0%| F|  |TAMS 0x0000000713a00000| PB 0x0000000713a00000| Untracked 
| 158|0x0000000713c00000, 0x0000000713c00000, 0x0000000713e00000|  0%| F|  |TAMS 0x0000000713c00000| PB 0x0000000713c00000| Untracked 
| 159|0x0000000713e00000, 0x0000000713e00000, 0x0000000714000000|  0%| F|  |TAMS 0x0000000713e00000| PB 0x0000000713e00000| Untracked 
| 160|0x0000000714000000, 0x0000000714000000, 0x0000000714200000|  0%| F|  |TAMS 0x0000000714000000| PB 0x0000000714000000| Untracked 
| 161|0x0000000714200000, 0x0000000714200000, 0x0000000714400000|  0%| F|  |TAMS 0x0000000714200000| PB 0x0000000714200000| Untracked 
| 162|0x0000000714400000, 0x0000000714400000, 0x0000000714600000|  0%| F|  |TAMS 0x0000000714400000| PB 0x0000000714400000| Untracked 
| 163|0x0000000714600000, 0x0000000714600000, 0x0000000714800000|  0%| F|  |TAMS 0x0000000714600000| PB 0x0000000714600000| Untracked 
| 164|0x0000000714800000, 0x0000000714800000, 0x0000000714a00000|  0%| F|  |TAMS 0x0000000714800000| PB 0x0000000714800000| Untracked 
| 165|0x0000000714a00000, 0x0000000714a00000, 0x0000000714c00000|  0%| F|  |TAMS 0x0000000714a00000| PB 0x0000000714a00000| Untracked 
| 166|0x0000000714c00000, 0x0000000714c00000, 0x0000000714e00000|  0%| F|  |TAMS 0x0000000714c00000| PB 0x0000000714c00000| Untracked 
| 167|0x0000000714e00000, 0x0000000714e00000, 0x0000000715000000|  0%| F|  |TAMS 0x0000000714e00000| PB 0x0000000714e00000| Untracked 
| 168|0x0000000715000000, 0x0000000715000000, 0x0000000715200000|  0%| F|  |TAMS 0x0000000715000000| PB 0x0000000715000000| Untracked 
| 169|0x0000000715200000, 0x0000000715200000, 0x0000000715400000|  0%| F|  |TAMS 0x0000000715200000| PB 0x0000000715200000| Untracked 
| 170|0x0000000715400000, 0x0000000715400000, 0x0000000715600000|  0%| F|  |TAMS 0x0000000715400000| PB 0x0000000715400000| Untracked 
| 171|0x0000000715600000, 0x0000000715600000, 0x0000000715800000|  0%| F|  |TAMS 0x0000000715600000| PB 0x0000000715600000| Untracked 
| 172|0x0000000715800000, 0x0000000715800000, 0x0000000715a00000|  0%| F|  |TAMS 0x0000000715800000| PB 0x0000000715800000| Untracked 
| 173|0x0000000715a00000, 0x0000000715a00000, 0x0000000715c00000|  0%| F|  |TAMS 0x0000000715a00000| PB 0x0000000715a00000| Untracked 
| 174|0x0000000715c00000, 0x0000000715c00000, 0x0000000715e00000|  0%| F|  |TAMS 0x0000000715c00000| PB 0x0000000715c00000| Untracked 
| 175|0x0000000715e00000, 0x0000000715e00000, 0x0000000716000000|  0%| F|  |TAMS 0x0000000715e00000| PB 0x0000000715e00000| Untracked 
| 176|0x0000000716000000, 0x0000000716000000, 0x0000000716200000|  0%| F|  |TAMS 0x0000000716000000| PB 0x0000000716000000| Untracked 
| 177|0x0000000716200000, 0x0000000716200000, 0x0000000716400000|  0%| F|  |TAMS 0x0000000716200000| PB 0x0000000716200000| Untracked 
| 178|0x0000000716400000, 0x0000000716400000, 0x0000000716600000|  0%| F|  |TAMS 0x0000000716400000| PB 0x0000000716400000| Untracked 
| 179|0x0000000716600000, 0x0000000716600000, 0x0000000716800000|  0%| F|  |TAMS 0x0000000716600000| PB 0x0000000716600000| Untracked 
| 180|0x0000000716800000, 0x0000000716800000, 0x0000000716a00000|  0%| F|  |TAMS 0x0000000716800000| PB 0x0000000716800000| Untracked 
| 181|0x0000000716a00000, 0x0000000716a00000, 0x0000000716c00000|  0%| F|  |TAMS 0x0000000716a00000| PB 0x0000000716a00000| Untracked 
| 182|0x0000000716c00000, 0x0000000716c00000, 0x0000000716e00000|  0%| F|  |TAMS 0x0000000716c00000| PB 0x0000000716c00000| Untracked 
| 183|0x0000000716e00000, 0x0000000716e00000, 0x0000000717000000|  0%| F|  |TAMS 0x0000000716e00000| PB 0x0000000716e00000| Untracked 
| 184|0x0000000717000000, 0x0000000717000000, 0x0000000717200000|  0%| F|  |TAMS 0x0000000717000000| PB 0x0000000717000000| Untracked 
| 185|0x0000000717200000, 0x0000000717200000, 0x0000000717400000|  0%| F|  |TAMS 0x0000000717200000| PB 0x0000000717200000| Untracked 
| 186|0x0000000717400000, 0x0000000717400000, 0x0000000717600000|  0%| F|  |TAMS 0x0000000717400000| PB 0x0000000717400000| Untracked 
| 187|0x0000000717600000, 0x0000000717600000, 0x0000000717800000|  0%| F|  |TAMS 0x0000000717600000| PB 0x0000000717600000| Untracked 
| 188|0x0000000717800000, 0x0000000717800000, 0x0000000717a00000|  0%| F|  |TAMS 0x0000000717800000| PB 0x0000000717800000| Untracked 
| 189|0x0000000717a00000, 0x0000000717a00000, 0x0000000717c00000|  0%| F|  |TAMS 0x0000000717a00000| PB 0x0000000717a00000| Untracked 
| 190|0x0000000717c00000, 0x0000000717c00000, 0x0000000717e00000|  0%| F|  |TAMS 0x0000000717c00000| PB 0x0000000717c00000| Untracked 
| 191|0x0000000717e00000, 0x0000000717e00000, 0x0000000718000000|  0%| F|  |TAMS 0x0000000717e00000| PB 0x0000000717e00000| Untracked 
| 192|0x0000000718000000, 0x0000000718000000, 0x0000000718200000|  0%| F|  |TAMS 0x0000000718000000| PB 0x0000000718000000| Untracked 
| 193|0x0000000718200000, 0x0000000718200000, 0x0000000718400000|  0%| F|  |TAMS 0x0000000718200000| PB 0x0000000718200000| Untracked 
| 194|0x0000000718400000, 0x0000000718400000, 0x0000000718600000|  0%| F|  |TAMS 0x0000000718400000| PB 0x0000000718400000| Untracked 
| 195|0x0000000718600000, 0x0000000718600000, 0x0000000718800000|  0%| F|  |TAMS 0x0000000718600000| PB 0x0000000718600000| Untracked 
| 196|0x0000000718800000, 0x0000000718800000, 0x0000000718a00000|  0%| F|  |TAMS 0x0000000718800000| PB 0x0000000718800000| Untracked 
| 197|0x0000000718a00000, 0x0000000718a00000, 0x0000000718c00000|  0%| F|  |TAMS 0x0000000718a00000| PB 0x0000000718a00000| Untracked 
| 198|0x0000000718c00000, 0x0000000718c00000, 0x0000000718e00000|  0%| F|  |TAMS 0x0000000718c00000| PB 0x0000000718c00000| Untracked 
| 199|0x0000000718e00000, 0x0000000718e00000, 0x0000000719000000|  0%| F|  |TAMS 0x0000000718e00000| PB 0x0000000718e00000| Untracked 
| 200|0x0000000719000000, 0x0000000719000000, 0x0000000719200000|  0%| F|  |TAMS 0x0000000719000000| PB 0x0000000719000000| Untracked 
| 201|0x0000000719200000, 0x0000000719200000, 0x0000000719400000|  0%| F|  |TAMS 0x0000000719200000| PB 0x0000000719200000| Untracked 
| 202|0x0000000719400000, 0x0000000719400000, 0x0000000719600000|  0%| F|  |TAMS 0x0000000719400000| PB 0x0000000719400000| Untracked 
| 203|0x0000000719600000, 0x0000000719600000, 0x0000000719800000|  0%| F|  |TAMS 0x0000000719600000| PB 0x0000000719600000| Untracked 
| 204|0x0000000719800000, 0x0000000719800000, 0x0000000719a00000|  0%| F|  |TAMS 0x0000000719800000| PB 0x0000000719800000| Untracked 
| 205|0x0000000719a00000, 0x0000000719a00000, 0x0000000719c00000|  0%| F|  |TAMS 0x0000000719a00000| PB 0x0000000719a00000| Untracked 
| 206|0x0000000719c00000, 0x0000000719c00000, 0x0000000719e00000|  0%| F|  |TAMS 0x0000000719c00000| PB 0x0000000719c00000| Untracked 
| 207|0x0000000719e00000, 0x0000000719e00000, 0x000000071a000000|  0%| F|  |TAMS 0x0000000719e00000| PB 0x0000000719e00000| Untracked 
| 208|0x000000071a000000, 0x000000071a000000, 0x000000071a200000|  0%| F|  |TAMS 0x000000071a000000| PB 0x000000071a000000| Untracked 
| 209|0x000000071a200000, 0x000000071a200000, 0x000000071a400000|  0%| F|  |TAMS 0x000000071a200000| PB 0x000000071a200000| Untracked 
| 210|0x000000071a400000, 0x000000071a400000, 0x000000071a600000|  0%| F|  |TAMS 0x000000071a400000| PB 0x000000071a400000| Untracked 
| 211|0x000000071a600000, 0x000000071a600000, 0x000000071a800000|  0%| F|  |TAMS 0x000000071a600000| PB 0x000000071a600000| Untracked 
| 212|0x000000071a800000, 0x000000071a800000, 0x000000071aa00000|  0%| F|  |TAMS 0x000000071a800000| PB 0x000000071a800000| Untracked 
| 213|0x000000071aa00000, 0x000000071aa00000, 0x000000071ac00000|  0%| F|  |TAMS 0x000000071aa00000| PB 0x000000071aa00000| Untracked 
| 214|0x000000071ac00000, 0x000000071ac00000, 0x000000071ae00000|  0%| F|  |TAMS 0x000000071ac00000| PB 0x000000071ac00000| Untracked 
| 215|0x000000071ae00000, 0x000000071ae00000, 0x000000071b000000|  0%| F|  |TAMS 0x000000071ae00000| PB 0x000000071ae00000| Untracked 
| 216|0x000000071b000000, 0x000000071b000000, 0x000000071b200000|  0%| F|  |TAMS 0x000000071b000000| PB 0x000000071b000000| Untracked 
| 217|0x000000071b200000, 0x000000071b200000, 0x000000071b400000|  0%| F|  |TAMS 0x000000071b200000| PB 0x000000071b200000| Untracked 
| 218|0x000000071b400000, 0x000000071b400000, 0x000000071b600000|  0%| F|  |TAMS 0x000000071b400000| PB 0x000000071b400000| Untracked 
| 219|0x000000071b600000, 0x000000071b600000, 0x000000071b800000|  0%| F|  |TAMS 0x000000071b600000| PB 0x000000071b600000| Untracked 
| 220|0x000000071b800000, 0x000000071b800000, 0x000000071ba00000|  0%| F|  |TAMS 0x000000071b800000| PB 0x000000071b800000| Untracked 
| 221|0x000000071ba00000, 0x000000071ba00000, 0x000000071bc00000|  0%| F|  |TAMS 0x000000071ba00000| PB 0x000000071ba00000| Untracked 
| 222|0x000000071bc00000, 0x000000071bc00000, 0x000000071be00000|  0%| F|  |TAMS 0x000000071bc00000| PB 0x000000071bc00000| Untracked 
| 223|0x000000071be00000, 0x000000071be00000, 0x000000071c000000|  0%| F|  |TAMS 0x000000071be00000| PB 0x000000071be00000| Untracked 
| 224|0x000000071c000000, 0x000000071c000000, 0x000000071c200000|  0%| F|  |TAMS 0x000000071c000000| PB 0x000000071c000000| Untracked 
| 225|0x000000071c200000, 0x000000071c200000, 0x000000071c400000|  0%| F|  |TAMS 0x000000071c200000| PB 0x000000071c200000| Untracked 
| 226|0x000000071c400000, 0x000000071c400000, 0x000000071c600000|  0%| F|  |TAMS 0x000000071c400000| PB 0x000000071c400000| Untracked 
| 227|0x000000071c600000, 0x000000071c600000, 0x000000071c800000|  0%| F|  |TAMS 0x000000071c600000| PB 0x000000071c600000| Untracked 
| 228|0x000000071c800000, 0x000000071c800000, 0x000000071ca00000|  0%| F|  |TAMS 0x000000071c800000| PB 0x000000071c800000| Untracked 
| 229|0x000000071ca00000, 0x000000071ca00000, 0x000000071cc00000|  0%| F|  |TAMS 0x000000071ca00000| PB 0x000000071ca00000| Untracked 
| 230|0x000000071cc00000, 0x000000071cc00000, 0x000000071ce00000|  0%| F|  |TAMS 0x000000071cc00000| PB 0x000000071cc00000| Untracked 
| 231|0x000000071ce00000, 0x000000071ce00000, 0x000000071d000000|  0%| F|  |TAMS 0x000000071ce00000| PB 0x000000071ce00000| Untracked 
| 232|0x000000071d000000, 0x000000071d000000, 0x000000071d200000|  0%| F|  |TAMS 0x000000071d000000| PB 0x000000071d000000| Untracked 
| 233|0x000000071d200000, 0x000000071d200000, 0x000000071d400000|  0%| F|  |TAMS 0x000000071d200000| PB 0x000000071d200000| Untracked 
| 234|0x000000071d400000, 0x000000071d400000, 0x000000071d600000|  0%| F|  |TAMS 0x000000071d400000| PB 0x000000071d400000| Untracked 
| 235|0x000000071d600000, 0x000000071d600000, 0x000000071d800000|  0%| F|  |TAMS 0x000000071d600000| PB 0x000000071d600000| Untracked 
| 236|0x000000071d800000, 0x000000071d800000, 0x000000071da00000|  0%| F|  |TAMS 0x000000071d800000| PB 0x000000071d800000| Untracked 
| 237|0x000000071da00000, 0x000000071da00000, 0x000000071dc00000|  0%| F|  |TAMS 0x000000071da00000| PB 0x000000071da00000| Untracked 
| 238|0x000000071dc00000, 0x000000071dc00000, 0x000000071de00000|  0%| F|  |TAMS 0x000000071dc00000| PB 0x000000071dc00000| Untracked 
| 239|0x000000071de00000, 0x000000071de00000, 0x000000071e000000|  0%| F|  |TAMS 0x000000071de00000| PB 0x000000071de00000| Untracked 
| 240|0x000000071e000000, 0x000000071e000000, 0x000000071e200000|  0%| F|  |TAMS 0x000000071e000000| PB 0x000000071e000000| Untracked 
| 241|0x000000071e200000, 0x000000071e200000, 0x000000071e400000|  0%| F|  |TAMS 0x000000071e200000| PB 0x000000071e200000| Untracked 
| 242|0x000000071e400000, 0x000000071e400000, 0x000000071e600000|  0%| F|  |TAMS 0x000000071e400000| PB 0x000000071e400000| Untracked 
| 243|0x000000071e600000, 0x000000071e600000, 0x000000071e800000|  0%| F|  |TAMS 0x000000071e600000| PB 0x000000071e600000| Untracked 
| 244|0x000000071e800000, 0x000000071e800000, 0x000000071ea00000|  0%| F|  |TAMS 0x000000071e800000| PB 0x000000071e800000| Untracked 
| 245|0x000000071ea00000, 0x000000071ea00000, 0x000000071ec00000|  0%| F|  |TAMS 0x000000071ea00000| PB 0x000000071ea00000| Untracked 
| 246|0x000000071ec00000, 0x000000071ec00000, 0x000000071ee00000|  0%| F|  |TAMS 0x000000071ec00000| PB 0x000000071ec00000| Untracked 
| 247|0x000000071ee00000, 0x000000071ee00000, 0x000000071f000000|  0%| F|  |TAMS 0x000000071ee00000| PB 0x000000071ee00000| Untracked 
| 248|0x000000071f000000, 0x000000071f000000, 0x000000071f200000|  0%| F|  |TAMS 0x000000071f000000| PB 0x000000071f000000| Untracked 
| 249|0x000000071f200000, 0x000000071f200000, 0x000000071f400000|  0%| F|  |TAMS 0x000000071f200000| PB 0x000000071f200000| Untracked 
| 250|0x000000071f400000, 0x000000071f400000, 0x000000071f600000|  0%| F|  |TAMS 0x000000071f400000| PB 0x000000071f400000| Untracked 
| 251|0x000000071f600000, 0x000000071f600000, 0x000000071f800000|  0%| F|  |TAMS 0x000000071f600000| PB 0x000000071f600000| Untracked 
| 252|0x000000071f800000, 0x000000071f800000, 0x000000071fa00000|  0%| F|  |TAMS 0x000000071f800000| PB 0x000000071f800000| Untracked 
| 253|0x000000071fa00000, 0x000000071fa00000, 0x000000071fc00000|  0%| F|  |TAMS 0x000000071fa00000| PB 0x000000071fa00000| Untracked 
| 254|0x000000071fc00000, 0x000000071fc00000, 0x000000071fe00000|  0%| F|  |TAMS 0x000000071fc00000| PB 0x000000071fc00000| Untracked 
| 255|0x000000071fe00000, 0x000000071fe00000, 0x0000000720000000|  0%| F|  |TAMS 0x000000071fe00000| PB 0x000000071fe00000| Untracked 
| 256|0x0000000720000000, 0x0000000720000000, 0x0000000720200000|  0%| F|  |TAMS 0x0000000720000000| PB 0x0000000720000000| Untracked 
| 257|0x0000000720200000, 0x0000000720200000, 0x0000000720400000|  0%| F|  |TAMS 0x0000000720200000| PB 0x0000000720200000| Untracked 
| 258|0x0000000720400000, 0x0000000720400000, 0x0000000720600000|  0%| F|  |TAMS 0x0000000720400000| PB 0x0000000720400000| Untracked 
| 259|0x0000000720600000, 0x0000000720600000, 0x0000000720800000|  0%| F|  |TAMS 0x0000000720600000| PB 0x0000000720600000| Untracked 
| 260|0x0000000720800000, 0x0000000720800000, 0x0000000720a00000|  0%| F|  |TAMS 0x0000000720800000| PB 0x0000000720800000| Untracked 
| 261|0x0000000720a00000, 0x0000000720a00000, 0x0000000720c00000|  0%| F|  |TAMS 0x0000000720a00000| PB 0x0000000720a00000| Untracked 
| 262|0x0000000720c00000, 0x0000000720c00000, 0x0000000720e00000|  0%| F|  |TAMS 0x0000000720c00000| PB 0x0000000720c00000| Untracked 
| 263|0x0000000720e00000, 0x0000000720e00000, 0x0000000721000000|  0%| F|  |TAMS 0x0000000720e00000| PB 0x0000000720e00000| Untracked 
| 264|0x0000000721000000, 0x0000000721000000, 0x0000000721200000|  0%| F|  |TAMS 0x0000000721000000| PB 0x0000000721000000| Untracked 
| 265|0x0000000721200000, 0x0000000721200000, 0x0000000721400000|  0%| F|  |TAMS 0x0000000721200000| PB 0x0000000721200000| Untracked 
| 266|0x0000000721400000, 0x0000000721400000, 0x0000000721600000|  0%| F|  |TAMS 0x0000000721400000| PB 0x0000000721400000| Untracked 
| 267|0x0000000721600000, 0x0000000721600000, 0x0000000721800000|  0%| F|  |TAMS 0x0000000721600000| PB 0x0000000721600000| Untracked 
| 268|0x0000000721800000, 0x0000000721800000, 0x0000000721a00000|  0%| F|  |TAMS 0x0000000721800000| PB 0x0000000721800000| Untracked 
| 269|0x0000000721a00000, 0x0000000721a00000, 0x0000000721c00000|  0%| F|  |TAMS 0x0000000721a00000| PB 0x0000000721a00000| Untracked 
| 270|0x0000000721c00000, 0x0000000721c00000, 0x0000000721e00000|  0%| F|  |TAMS 0x0000000721c00000| PB 0x0000000721c00000| Untracked 
| 271|0x0000000721e00000, 0x0000000721e00000, 0x0000000722000000|  0%| F|  |TAMS 0x0000000721e00000| PB 0x0000000721e00000| Untracked 
| 272|0x0000000722000000, 0x0000000722000000, 0x0000000722200000|  0%| F|  |TAMS 0x0000000722000000| PB 0x0000000722000000| Untracked 
| 273|0x0000000722200000, 0x0000000722200000, 0x0000000722400000|  0%| F|  |TAMS 0x0000000722200000| PB 0x0000000722200000| Untracked 
| 274|0x0000000722400000, 0x0000000722400000, 0x0000000722600000|  0%| F|  |TAMS 0x0000000722400000| PB 0x0000000722400000| Untracked 
| 275|0x0000000722600000, 0x0000000722600000, 0x0000000722800000|  0%| F|  |TAMS 0x0000000722600000| PB 0x0000000722600000| Untracked 
| 276|0x0000000722800000, 0x0000000722800000, 0x0000000722a00000|  0%| F|  |TAMS 0x0000000722800000| PB 0x0000000722800000| Untracked 
| 277|0x0000000722a00000, 0x0000000722a00000, 0x0000000722c00000|  0%| F|  |TAMS 0x0000000722a00000| PB 0x0000000722a00000| Untracked 
| 278|0x0000000722c00000, 0x0000000722c00000, 0x0000000722e00000|  0%| F|  |TAMS 0x0000000722c00000| PB 0x0000000722c00000| Untracked 
| 279|0x0000000722e00000, 0x0000000722e00000, 0x0000000723000000|  0%| F|  |TAMS 0x0000000722e00000| PB 0x0000000722e00000| Untracked 
| 280|0x0000000723000000, 0x0000000723000000, 0x0000000723200000|  0%| F|  |TAMS 0x0000000723000000| PB 0x0000000723000000| Untracked 
| 281|0x0000000723200000, 0x0000000723200000, 0x0000000723400000|  0%| F|  |TAMS 0x0000000723200000| PB 0x0000000723200000| Untracked 
| 282|0x0000000723400000, 0x0000000723400000, 0x0000000723600000|  0%| F|  |TAMS 0x0000000723400000| PB 0x0000000723400000| Untracked 
| 283|0x0000000723600000, 0x0000000723600000, 0x0000000723800000|  0%| F|  |TAMS 0x0000000723600000| PB 0x0000000723600000| Untracked 
| 284|0x0000000723800000, 0x0000000723800000, 0x0000000723a00000|  0%| F|  |TAMS 0x0000000723800000| PB 0x0000000723800000| Untracked 
| 285|0x0000000723a00000, 0x0000000723a00000, 0x0000000723c00000|  0%| F|  |TAMS 0x0000000723a00000| PB 0x0000000723a00000| Untracked 
| 286|0x0000000723c00000, 0x0000000723c00000, 0x0000000723e00000|  0%| F|  |TAMS 0x0000000723c00000| PB 0x0000000723c00000| Untracked 
| 287|0x0000000723e00000, 0x0000000723e00000, 0x0000000724000000|  0%| F|  |TAMS 0x0000000723e00000| PB 0x0000000723e00000| Untracked 
| 288|0x0000000724000000, 0x0000000724000000, 0x0000000724200000|  0%| F|  |TAMS 0x0000000724000000| PB 0x0000000724000000| Untracked 
| 289|0x0000000724200000, 0x0000000724200000, 0x0000000724400000|  0%| F|  |TAMS 0x0000000724200000| PB 0x0000000724200000| Untracked 
| 290|0x0000000724400000, 0x0000000724400000, 0x0000000724600000|  0%| F|  |TAMS 0x0000000724400000| PB 0x0000000724400000| Untracked 
| 291|0x0000000724600000, 0x0000000724600000, 0x0000000724800000|  0%| F|  |TAMS 0x0000000724600000| PB 0x0000000724600000| Untracked 
| 292|0x0000000724800000, 0x0000000724800000, 0x0000000724a00000|  0%| F|  |TAMS 0x0000000724800000| PB 0x0000000724800000| Untracked 
| 293|0x0000000724a00000, 0x0000000724a00000, 0x0000000724c00000|  0%| F|  |TAMS 0x0000000724a00000| PB 0x0000000724a00000| Untracked 
| 294|0x0000000724c00000, 0x0000000724c00000, 0x0000000724e00000|  0%| F|  |TAMS 0x0000000724c00000| PB 0x0000000724c00000| Untracked 
| 295|0x0000000724e00000, 0x0000000724e00000, 0x0000000725000000|  0%| F|  |TAMS 0x0000000724e00000| PB 0x0000000724e00000| Untracked 
| 296|0x0000000725000000, 0x0000000725000000, 0x0000000725200000|  0%| F|  |TAMS 0x0000000725000000| PB 0x0000000725000000| Untracked 
| 297|0x0000000725200000, 0x0000000725200000, 0x0000000725400000|  0%| F|  |TAMS 0x0000000725200000| PB 0x0000000725200000| Untracked 
| 298|0x0000000725400000, 0x0000000725400000, 0x0000000725600000|  0%| F|  |TAMS 0x0000000725400000| PB 0x0000000725400000| Untracked 
| 299|0x0000000725600000, 0x0000000725600000, 0x0000000725800000|  0%| F|  |TAMS 0x0000000725600000| PB 0x0000000725600000| Untracked 
| 300|0x0000000725800000, 0x0000000725800000, 0x0000000725a00000|  0%| F|  |TAMS 0x0000000725800000| PB 0x0000000725800000| Untracked 
| 301|0x0000000725a00000, 0x0000000725a00000, 0x0000000725c00000|  0%| F|  |TAMS 0x0000000725a00000| PB 0x0000000725a00000| Untracked 
| 302|0x0000000725c00000, 0x0000000725c00000, 0x0000000725e00000|  0%| F|  |TAMS 0x0000000725c00000| PB 0x0000000725c00000| Untracked 
| 303|0x0000000725e00000, 0x0000000725e00000, 0x0000000726000000|  0%| F|  |TAMS 0x0000000725e00000| PB 0x0000000725e00000| Untracked 
| 304|0x0000000726000000, 0x0000000726000000, 0x0000000726200000|  0%| F|  |TAMS 0x0000000726000000| PB 0x0000000726000000| Untracked 
| 305|0x0000000726200000, 0x0000000726200000, 0x0000000726400000|  0%| F|  |TAMS 0x0000000726200000| PB 0x0000000726200000| Untracked 
| 306|0x0000000726400000, 0x0000000726400000, 0x0000000726600000|  0%| F|  |TAMS 0x0000000726400000| PB 0x0000000726400000| Untracked 
| 307|0x0000000726600000, 0x0000000726600000, 0x0000000726800000|  0%| F|  |TAMS 0x0000000726600000| PB 0x0000000726600000| Untracked 
| 308|0x0000000726800000, 0x0000000726800000, 0x0000000726a00000|  0%| F|  |TAMS 0x0000000726800000| PB 0x0000000726800000| Untracked 
| 309|0x0000000726a00000, 0x0000000726a00000, 0x0000000726c00000|  0%| F|  |TAMS 0x0000000726a00000| PB 0x0000000726a00000| Untracked 
| 310|0x0000000726c00000, 0x0000000726c00000, 0x0000000726e00000|  0%| F|  |TAMS 0x0000000726c00000| PB 0x0000000726c00000| Untracked 
| 311|0x0000000726e00000, 0x0000000726e00000, 0x0000000727000000|  0%| F|  |TAMS 0x0000000726e00000| PB 0x0000000726e00000| Untracked 
| 312|0x0000000727000000, 0x0000000727000000, 0x0000000727200000|  0%| F|  |TAMS 0x0000000727000000| PB 0x0000000727000000| Untracked 
| 313|0x0000000727200000, 0x0000000727200000, 0x0000000727400000|  0%| F|  |TAMS 0x0000000727200000| PB 0x0000000727200000| Untracked 
| 314|0x0000000727400000, 0x0000000727400000, 0x0000000727600000|  0%| F|  |TAMS 0x0000000727400000| PB 0x0000000727400000| Untracked 
| 315|0x0000000727600000, 0x0000000727600000, 0x0000000727800000|  0%| F|  |TAMS 0x0000000727600000| PB 0x0000000727600000| Untracked 
| 316|0x0000000727800000, 0x0000000727800000, 0x0000000727a00000|  0%| F|  |TAMS 0x0000000727800000| PB 0x0000000727800000| Untracked 
| 317|0x0000000727a00000, 0x0000000727a00000, 0x0000000727c00000|  0%| F|  |TAMS 0x0000000727a00000| PB 0x0000000727a00000| Untracked 
| 318|0x0000000727c00000, 0x0000000727c00000, 0x0000000727e00000|  0%| F|  |TAMS 0x0000000727c00000| PB 0x0000000727c00000| Untracked 
| 319|0x0000000727e00000, 0x0000000727e00000, 0x0000000728000000|  0%| F|  |TAMS 0x0000000727e00000| PB 0x0000000727e00000| Untracked 
| 320|0x0000000728000000, 0x0000000728000000, 0x0000000728200000|  0%| F|  |TAMS 0x0000000728000000| PB 0x0000000728000000| Untracked 
| 321|0x0000000728200000, 0x0000000728200000, 0x0000000728400000|  0%| F|  |TAMS 0x0000000728200000| PB 0x0000000728200000| Untracked 
| 322|0x0000000728400000, 0x0000000728400000, 0x0000000728600000|  0%| F|  |TAMS 0x0000000728400000| PB 0x0000000728400000| Untracked 
| 323|0x0000000728600000, 0x0000000728600000, 0x0000000728800000|  0%| F|  |TAMS 0x0000000728600000| PB 0x0000000728600000| Untracked 
| 324|0x0000000728800000, 0x0000000728800000, 0x0000000728a00000|  0%| F|  |TAMS 0x0000000728800000| PB 0x0000000728800000| Untracked 
| 325|0x0000000728a00000, 0x0000000728a00000, 0x0000000728c00000|  0%| F|  |TAMS 0x0000000728a00000| PB 0x0000000728a00000| Untracked 
| 326|0x0000000728c00000, 0x0000000728c00000, 0x0000000728e00000|  0%| F|  |TAMS 0x0000000728c00000| PB 0x0000000728c00000| Untracked 
| 327|0x0000000728e00000, 0x0000000728e00000, 0x0000000729000000|  0%| F|  |TAMS 0x0000000728e00000| PB 0x0000000728e00000| Untracked 
| 328|0x0000000729000000, 0x0000000729000000, 0x0000000729200000|  0%| F|  |TAMS 0x0000000729000000| PB 0x0000000729000000| Untracked 
| 329|0x0000000729200000, 0x0000000729200000, 0x0000000729400000|  0%| F|  |TAMS 0x0000000729200000| PB 0x0000000729200000| Untracked 
| 330|0x0000000729400000, 0x0000000729400000, 0x0000000729600000|  0%| F|  |TAMS 0x0000000729400000| PB 0x0000000729400000| Untracked 
| 331|0x0000000729600000, 0x0000000729600000, 0x0000000729800000|  0%| F|  |TAMS 0x0000000729600000| PB 0x0000000729600000| Untracked 
| 332|0x0000000729800000, 0x0000000729800000, 0x0000000729a00000|  0%| F|  |TAMS 0x0000000729800000| PB 0x0000000729800000| Untracked 
| 333|0x0000000729a00000, 0x0000000729a00000, 0x0000000729c00000|  0%| F|  |TAMS 0x0000000729a00000| PB 0x0000000729a00000| Untracked 
| 334|0x0000000729c00000, 0x0000000729c00000, 0x0000000729e00000|  0%| F|  |TAMS 0x0000000729c00000| PB 0x0000000729c00000| Untracked 
| 335|0x0000000729e00000, 0x0000000729e00000, 0x000000072a000000|  0%| F|  |TAMS 0x0000000729e00000| PB 0x0000000729e00000| Untracked 
| 336|0x000000072a000000, 0x000000072a000000, 0x000000072a200000|  0%| F|  |TAMS 0x000000072a000000| PB 0x000000072a000000| Untracked 
| 337|0x000000072a200000, 0x000000072a200000, 0x000000072a400000|  0%| F|  |TAMS 0x000000072a200000| PB 0x000000072a200000| Untracked 
| 338|0x000000072a400000, 0x000000072a400000, 0x000000072a600000|  0%| F|  |TAMS 0x000000072a400000| PB 0x000000072a400000| Untracked 
| 339|0x000000072a600000, 0x000000072a600000, 0x000000072a800000|  0%| F|  |TAMS 0x000000072a600000| PB 0x000000072a600000| Untracked 
| 340|0x000000072a800000, 0x000000072a800000, 0x000000072aa00000|  0%| F|  |TAMS 0x000000072a800000| PB 0x000000072a800000| Untracked 
| 341|0x000000072aa00000, 0x000000072aa00000, 0x000000072ac00000|  0%| F|  |TAMS 0x000000072aa00000| PB 0x000000072aa00000| Untracked 
| 342|0x000000072ac00000, 0x000000072ac00000, 0x000000072ae00000|  0%| F|  |TAMS 0x000000072ac00000| PB 0x000000072ac00000| Untracked 
| 343|0x000000072ae00000, 0x000000072ae00000, 0x000000072b000000|  0%| F|  |TAMS 0x000000072ae00000| PB 0x000000072ae00000| Untracked 
| 344|0x000000072b000000, 0x000000072b000000, 0x000000072b200000|  0%| F|  |TAMS 0x000000072b000000| PB 0x000000072b000000| Untracked 
| 345|0x000000072b200000, 0x000000072b200000, 0x000000072b400000|  0%| F|  |TAMS 0x000000072b200000| PB 0x000000072b200000| Untracked 
| 346|0x000000072b400000, 0x000000072b400000, 0x000000072b600000|  0%| F|  |TAMS 0x000000072b400000| PB 0x000000072b400000| Untracked 
| 347|0x000000072b600000, 0x000000072b600000, 0x000000072b800000|  0%| F|  |TAMS 0x000000072b600000| PB 0x000000072b600000| Untracked 
| 348|0x000000072b800000, 0x000000072b800000, 0x000000072ba00000|  0%| F|  |TAMS 0x000000072b800000| PB 0x000000072b800000| Untracked 
| 349|0x000000072ba00000, 0x000000072ba00000, 0x000000072bc00000|  0%| F|  |TAMS 0x000000072ba00000| PB 0x000000072ba00000| Untracked 
| 350|0x000000072bc00000, 0x000000072bc00000, 0x000000072be00000|  0%| F|  |TAMS 0x000000072bc00000| PB 0x000000072bc00000| Untracked 
| 351|0x000000072be00000, 0x000000072be00000, 0x000000072c000000|  0%| F|  |TAMS 0x000000072be00000| PB 0x000000072be00000| Untracked 
| 352|0x000000072c000000, 0x000000072c000000, 0x000000072c200000|  0%| F|  |TAMS 0x000000072c000000| PB 0x000000072c000000| Untracked 
| 353|0x000000072c200000, 0x000000072c200000, 0x000000072c400000|  0%| F|  |TAMS 0x000000072c200000| PB 0x000000072c200000| Untracked 
| 354|0x000000072c400000, 0x000000072c400000, 0x000000072c600000|  0%| F|  |TAMS 0x000000072c400000| PB 0x000000072c400000| Untracked 
| 355|0x000000072c600000, 0x000000072c600000, 0x000000072c800000|  0%| F|  |TAMS 0x000000072c600000| PB 0x000000072c600000| Untracked 
| 356|0x000000072c800000, 0x000000072c800000, 0x000000072ca00000|  0%| F|  |TAMS 0x000000072c800000| PB 0x000000072c800000| Untracked 
| 357|0x000000072ca00000, 0x000000072ca00000, 0x000000072cc00000|  0%| F|  |TAMS 0x000000072ca00000| PB 0x000000072ca00000| Untracked 
| 358|0x000000072cc00000, 0x000000072cc00000, 0x000000072ce00000|  0%| F|  |TAMS 0x000000072cc00000| PB 0x000000072cc00000| Untracked 
| 359|0x000000072ce00000, 0x000000072ce00000, 0x000000072d000000|  0%| F|  |TAMS 0x000000072ce00000| PB 0x000000072ce00000| Untracked 
| 360|0x000000072d000000, 0x000000072d000000, 0x000000072d200000|  0%| F|  |TAMS 0x000000072d000000| PB 0x000000072d000000| Untracked 
| 361|0x000000072d200000, 0x000000072d200000, 0x000000072d400000|  0%| F|  |TAMS 0x000000072d200000| PB 0x000000072d200000| Untracked 
| 362|0x000000072d400000, 0x000000072d400000, 0x000000072d600000|  0%| F|  |TAMS 0x000000072d400000| PB 0x000000072d400000| Untracked 
| 363|0x000000072d600000, 0x000000072d600000, 0x000000072d800000|  0%| F|  |TAMS 0x000000072d600000| PB 0x000000072d600000| Untracked 
| 364|0x000000072d800000, 0x000000072d800000, 0x000000072da00000|  0%| F|  |TAMS 0x000000072d800000| PB 0x000000072d800000| Untracked 
| 365|0x000000072da00000, 0x000000072da00000, 0x000000072dc00000|  0%| F|  |TAMS 0x000000072da00000| PB 0x000000072da00000| Untracked 
| 366|0x000000072dc00000, 0x000000072dc00000, 0x000000072de00000|  0%| F|  |TAMS 0x000000072dc00000| PB 0x000000072dc00000| Untracked 
| 367|0x000000072de00000, 0x000000072de00000, 0x000000072e000000|  0%| F|  |TAMS 0x000000072de00000| PB 0x000000072de00000| Untracked 
| 368|0x000000072e000000, 0x000000072e000000, 0x000000072e200000|  0%| F|  |TAMS 0x000000072e000000| PB 0x000000072e000000| Untracked 
| 369|0x000000072e200000, 0x000000072e200000, 0x000000072e400000|  0%| F|  |TAMS 0x000000072e200000| PB 0x000000072e200000| Untracked 
| 370|0x000000072e400000, 0x000000072e400000, 0x000000072e600000|  0%| F|  |TAMS 0x000000072e400000| PB 0x000000072e400000| Untracked 
| 371|0x000000072e600000, 0x000000072e600000, 0x000000072e800000|  0%| F|  |TAMS 0x000000072e600000| PB 0x000000072e600000| Untracked 
| 372|0x000000072e800000, 0x000000072e800000, 0x000000072ea00000|  0%| F|  |TAMS 0x000000072e800000| PB 0x000000072e800000| Untracked 
| 373|0x000000072ea00000, 0x000000072ea00000, 0x000000072ec00000|  0%| F|  |TAMS 0x000000072ea00000| PB 0x000000072ea00000| Untracked 
| 374|0x000000072ec00000, 0x000000072ec00000, 0x000000072ee00000|  0%| F|  |TAMS 0x000000072ec00000| PB 0x000000072ec00000| Untracked 
| 375|0x000000072ee00000, 0x000000072ee00000, 0x000000072f000000|  0%| F|  |TAMS 0x000000072ee00000| PB 0x000000072ee00000| Untracked 
| 376|0x000000072f000000, 0x000000072f000000, 0x000000072f200000|  0%| F|  |TAMS 0x000000072f000000| PB 0x000000072f000000| Untracked 
| 377|0x000000072f200000, 0x000000072f200000, 0x000000072f400000|  0%| F|  |TAMS 0x000000072f200000| PB 0x000000072f200000| Untracked 
| 378|0x000000072f400000, 0x000000072f400000, 0x000000072f600000|  0%| F|  |TAMS 0x000000072f400000| PB 0x000000072f400000| Untracked 
| 379|0x000000072f600000, 0x000000072f600000, 0x000000072f800000|  0%| F|  |TAMS 0x000000072f600000| PB 0x000000072f600000| Untracked 
| 380|0x000000072f800000, 0x000000072f800000, 0x000000072fa00000|  0%| F|  |TAMS 0x000000072f800000| PB 0x000000072f800000| Untracked 
| 381|0x000000072fa00000, 0x000000072fa00000, 0x000000072fc00000|  0%| F|  |TAMS 0x000000072fa00000| PB 0x000000072fa00000| Untracked 
| 382|0x000000072fc00000, 0x000000072fc00000, 0x000000072fe00000|  0%| F|  |TAMS 0x000000072fc00000| PB 0x000000072fc00000| Untracked 
| 383|0x000000072fe00000, 0x000000072fe00000, 0x0000000730000000|  0%| F|  |TAMS 0x000000072fe00000| PB 0x000000072fe00000| Untracked 
| 384|0x0000000730000000, 0x0000000730000000, 0x0000000730200000|  0%| F|  |TAMS 0x0000000730000000| PB 0x0000000730000000| Untracked 
| 385|0x0000000730200000, 0x0000000730200000, 0x0000000730400000|  0%| F|  |TAMS 0x0000000730200000| PB 0x0000000730200000| Untracked 
| 386|0x0000000730400000, 0x0000000730400000, 0x0000000730600000|  0%| F|  |TAMS 0x0000000730400000| PB 0x0000000730400000| Untracked 
| 387|0x0000000730600000, 0x0000000730600000, 0x0000000730800000|  0%| F|  |TAMS 0x0000000730600000| PB 0x0000000730600000| Untracked 
| 388|0x0000000730800000, 0x0000000730800000, 0x0000000730a00000|  0%| F|  |TAMS 0x0000000730800000| PB 0x0000000730800000| Untracked 
| 389|0x0000000730a00000, 0x0000000730a00000, 0x0000000730c00000|  0%| F|  |TAMS 0x0000000730a00000| PB 0x0000000730a00000| Untracked 
| 390|0x0000000730c00000, 0x0000000730c00000, 0x0000000730e00000|  0%| F|  |TAMS 0x0000000730c00000| PB 0x0000000730c00000| Untracked 
| 391|0x0000000730e00000, 0x0000000730e00000, 0x0000000731000000|  0%| F|  |TAMS 0x0000000730e00000| PB 0x0000000730e00000| Untracked 
| 392|0x0000000731000000, 0x0000000731000000, 0x0000000731200000|  0%| F|  |TAMS 0x0000000731000000| PB 0x0000000731000000| Untracked 
| 393|0x0000000731200000, 0x00000007313fb170, 0x0000000731400000| 99%| S|CS|TAMS 0x0000000731200000| PB 0x0000000731200000| Complete 
| 394|0x0000000731400000, 0x0000000731400000, 0x0000000731600000|  0%| F|  |TAMS 0x0000000731400000| PB 0x0000000731400000| Untracked 
| 395|0x0000000731600000, 0x0000000731600000, 0x0000000731800000|  0%| F|  |TAMS 0x0000000731600000| PB 0x0000000731600000| Untracked 
| 396|0x0000000731800000, 0x0000000731800000, 0x0000000731a00000|  0%| F|  |TAMS 0x0000000731800000| PB 0x0000000731800000| Untracked 
| 397|0x0000000731a00000, 0x0000000731a00000, 0x0000000731c00000|  0%| F|  |TAMS 0x0000000731a00000| PB 0x0000000731a00000| Untracked 
| 398|0x0000000731c00000, 0x0000000731c00000, 0x0000000731e00000|  0%| F|  |TAMS 0x0000000731c00000| PB 0x0000000731c00000| Untracked 
| 399|0x0000000731e00000, 0x0000000731e00000, 0x0000000732000000|  0%| F|  |TAMS 0x0000000731e00000| PB 0x0000000731e00000| Untracked 
| 400|0x0000000732000000, 0x0000000732000000, 0x0000000732200000|  0%| F|  |TAMS 0x0000000732000000| PB 0x0000000732000000| Untracked 
| 401|0x0000000732200000, 0x0000000732200000, 0x0000000732400000|  0%| F|  |TAMS 0x0000000732200000| PB 0x0000000732200000| Untracked 
| 402|0x0000000732400000, 0x0000000732400000, 0x0000000732600000|  0%| F|  |TAMS 0x0000000732400000| PB 0x0000000732400000| Untracked 
| 403|0x0000000732600000, 0x0000000732600000, 0x0000000732800000|  0%| F|  |TAMS 0x0000000732600000| PB 0x0000000732600000| Untracked 
|2044|0x00000007ff800000, 0x00000007ff800000, 0x00000007ffa00000|  0%| F|  |TAMS 0x00000007ff800000| PB 0x00000007ff800000| Untracked 
|2045|0x00000007ffa00000, 0x00000007ffa00000, 0x00000007ffc00000|  0%| F|  |TAMS 0x00000007ffa00000| PB 0x00000007ffa00000| Untracked 
|2047|0x00000007ffe00000, 0x0000000800000000, 0x0000000800000000|100%| O|  |TAMS 0x00000007ffe00000| PB 0x00000007ffe00000| Untracked 

Card table byte_map: [0x000002e27c370000,0x000002e27cb70000] _byte_map_base: 0x000002e278b70000

Marking Bits: (CMBitMap*) 0x000002e2796a61d0
 Bits: [0x000002e2173f0000, 0x000002e21b3f0000)

Polling page: 0x000002e279700000

Metaspace:

Usage:
  Non-class:    159.52 MB used.
      Class:     23.05 MB used.
       Both:    182.56 MB used.

Virtual space:
  Non-class space:      192.00 MB reserved,     161.06 MB ( 84%) committed,  3 nodes.
      Class space:      832.00 MB reserved,      24.50 MB (  3%) committed,  1 nodes.
             Both:        1.00 GB reserved,     185.56 MB ( 18%) committed. 

Chunk freelists:
   Non-Class:  14.29 MB
       Class:  7.38 MB
        Both:  21.67 MB

MaxMetaspaceSize: 1.00 GB
CompressedClassSpaceSize: 832.00 MB
Initial GC threshold: 21.00 MB
Current GC threshold: 309.19 MB
CDS: on
 - commit_granule_bytes: 65536.
 - commit_granule_words: 8192.
 - virtual_space_node_default_size: 8388608.
 - enlarge_chunks_in_place: 1.
 - use_allocation_guard: 0.


Internal statistics:

num_allocs_failed_limit: 9.
num_arena_births: 5406.
num_arena_deaths: 48.
num_vsnodes_births: 4.
num_vsnodes_deaths: 0.
num_space_committed: 2967.
num_space_uncommitted: 0.
num_chunks_returned_to_freelist: 76.
num_chunks_taken_from_freelist: 13378.
num_chunk_merges: 6.
num_chunk_splits: 9225.
num_chunks_enlarged: 6343.
num_inconsistent_stats: 0.

CodeHeap 'non-profiled nmethods': size=120000Kb used=13988Kb max_used=14180Kb free=106011Kb
 bounds [0x000002e20fec0000, 0x000002e210cd0000, 0x000002e2173f0000]
CodeHeap 'profiled nmethods': size=120000Kb used=46100Kb max_used=49697Kb free=73899Kb
 bounds [0x000002e2083f0000, 0x000002e20b480000, 0x000002e20f920000]
CodeHeap 'non-nmethods': size=5760Kb used=3256Kb max_used=3316Kb free=2503Kb
 bounds [0x000002e20f920000, 0x000002e20fc70000, 0x000002e20fec0000]
 total_blobs=21269 nmethods=20011 adapters=1159
 compilation: enabled
              stopped_count=0, restarted_count=0
 full_count=0

Compilation events (20 events):
Event: 197.701 Thread 0x000002e27f82eeb0 26715       4       org.jetbrains.org.objectweb.asm.tree.Util::asArrayList (60 bytes)
Event: 197.717 Thread 0x000002e27f82eeb0 nmethod 26715 0x000002e210349090 code [0x000002e210349280, 0x000002e210349ca0]
Event: 197.717 Thread 0x000002e27f82eeb0 26717       4       org.jetbrains.kotlin.inline.InlineUtilKt::inlinePropertyAccessors (299 bytes)
Event: 198.778 Thread 0x000002e27f82eeb0 nmethod 26717 0x000002e210717d90 code [0x000002e2107181c0, 0x000002e21071a120]
Event: 198.778 Thread 0x000002e27f82eeb0 26716       4       org.jetbrains.kotlin.incremental.KotlinClassInfo$Companion::createFrom (75 bytes)
Event: 198.812 Thread 0x000002e27f82f950 26720       1       org.jetbrains.kotlin.metadata.ProtoBuf$Property::getGetterFlags (5 bytes)
Event: 198.816 Thread 0x000002e27f82f950 nmethod 26720 0x000002e2102e1f90 code [0x000002e2102e2120, 0x000002e2102e21e8]
Event: 198.841 Thread 0x000002e27f82eeb0 nmethod 26716 0x000002e210857010 code [0x000002e2108572a0, 0x000002e210858b08]
Event: 198.841 Thread 0x000002e27f82eeb0 26718       4       org.jetbrains.kotlin.inline.InlineUtilKt::inlinePropertyAccessors (299 bytes)
Event: 198.905 Thread 0x000002e27f82eeb0 nmethod 26718 0x000002e210136a90 code [0x000002e210136ee0, 0x000002e210138f48]
Event: 198.905 Thread 0x000002e27f82eeb0 26719       4       java.util.TimSort::gallopLeft (335 bytes)
Event: 198.929 Thread 0x000002e27f82eeb0 nmethod 26719 0x000002e21017bf90 code [0x000002e21017c140, 0x000002e21017c5e0]
Event: 198.929 Thread 0x000002e27f82eeb0 26724       4       org.jetbrains.kotlin.protobuf.GeneratedMessageLite$GeneratedExtension::fromFieldSetType (84 bytes)
Event: 198.930 Thread 0x000002e27f82eeb0 nmethod 26724 0x000002e20ff47710 code [0x000002e20ff478a0, 0x000002e20ff479b0]
Event: 198.930 Thread 0x000002e27f82eeb0 26723       4       org.jetbrains.kotlin.protobuf.GeneratedMessageLite$GeneratedExtension::singularFromFieldSetType (35 bytes)
Event: 198.931 Thread 0x000002e27f82eeb0 nmethod 26723 0x000002e2100f2690 code [0x000002e2100f2820, 0x000002e2100f2908]
Event: 198.931 Thread 0x000002e27f82eeb0 26722       4       org.jetbrains.kotlin.metadata.ProtoBuf$Property::hasGetterFlags (20 bytes)
Event: 198.932 Thread 0x000002e27f82eeb0 nmethod 26722 0x000002e210393910 code [0x000002e210393aa0, 0x000002e210393b38]
Event: 198.932 Thread 0x000002e27f82eeb0 26721       4       org.jetbrains.kotlin.metadata.ProtoBuf$Property::hasSetterFlags (20 bytes)
Event: 198.932 Thread 0x000002e27f82eeb0 nmethod 26721 0x000002e210405590 code [0x000002e210405720, 0x000002e2104057b8]

GC Heap History (20 events):
Event: 167.162 GC heap after
{Heap after GC invocations=68 (full 0):
 garbage-first heap   total 520192K, used 164269K [0x0000000700000000, 0x0000000800000000)
  region size 2048K, 8 young (16384K), 8 survivors (16384K)
 Metaspace       used 142664K, committed 145216K, reserved 983040K
  class space    used 18991K, committed 20288K, reserved 851968K
}
Event: 167.380 GC heap before
{Heap before GC invocations=68 (full 0):
 garbage-first heap   total 520192K, used 172461K [0x0000000700000000, 0x0000000800000000)
  region size 2048K, 12 young (24576K), 8 survivors (16384K)
 Metaspace       used 143265K, committed 145856K, reserved 983040K
  class space    used 19047K, committed 20352K, reserved 851968K
}
Event: 167.406 GC heap after
{Heap after GC invocations=69 (full 0):
 garbage-first heap   total 520192K, used 166537K [0x0000000700000000, 0x0000000800000000)
  region size 2048K, 2 young (4096K), 2 survivors (4096K)
 Metaspace       used 143265K, committed 145856K, reserved 983040K
  class space    used 19047K, committed 20352K, reserved 851968K
}
Event: 172.122 GC heap before
{Heap before GC invocations=69 (full 0):
 garbage-first heap   total 520192K, used 332425K [0x0000000700000000, 0x0000000800000000)
  region size 2048K, 84 young (172032K), 2 survivors (4096K)
 Metaspace       used 159612K, committed 162560K, reserved 1048576K
  class space    used 20926K, committed 22400K, reserved 851968K
}
Event: 172.168 GC heap after
{Heap after GC invocations=70 (full 0):
 garbage-first heap   total 833536K, used 176572K [0x0000000700000000, 0x0000000800000000)
  region size 2048K, 7 young (14336K), 7 survivors (14336K)
 Metaspace       used 159612K, committed 162560K, reserved 1048576K
  class space    used 20926K, committed 22400K, reserved 851968K
}
Event: 176.515 GC heap before
{Heap before GC invocations=70 (full 0):
 garbage-first heap   total 833536K, used 293308K [0x0000000700000000, 0x0000000800000000)
  region size 2048K, 64 young (131072K), 7 survivors (14336K)
 Metaspace       used 168913K, committed 171840K, reserved 1048576K
  class space    used 21887K, committed 23360K, reserved 851968K
}
Event: 176.577 GC heap after
{Heap after GC invocations=71 (full 0):
 garbage-first heap   total 833536K, used 186644K [0x0000000700000000, 0x0000000800000000)
  region size 2048K, 6 young (12288K), 6 survivors (12288K)
 Metaspace       used 168913K, committed 171840K, reserved 1048576K
  class space    used 21887K, committed 23360K, reserved 851968K
}
Event: 185.306 GC heap before
{Heap before GC invocations=71 (full 0):
 garbage-first heap   total 833536K, used 362772K [0x0000000700000000, 0x0000000800000000)
  region size 2048K, 93 young (190464K), 6 survivors (12288K)
 Metaspace       used 186847K, committed 189824K, reserved 1048576K
  class space    used 23604K, committed 25088K, reserved 851968K
}
Event: 185.550 GC heap after
{Heap after GC invocations=72 (full 0):
 garbage-first heap   total 833536K, used 188625K [0x0000000700000000, 0x0000000800000000)
  region size 2048K, 10 young (20480K), 10 survivors (20480K)
 Metaspace       used 186847K, committed 189824K, reserved 1048576K
  class space    used 23604K, committed 25088K, reserved 851968K
}
Event: 186.249 GC heap before
{Heap before GC invocations=72 (full 0):
 garbage-first heap   total 833536K, used 260305K [0x0000000700000000, 0x0000000800000000)
  region size 2048K, 46 young (94208K), 10 survivors (20480K)
 Metaspace       used 186879K, committed 189888K, reserved 1048576K
  class space    used 23604K, committed 25088K, reserved 851968K
}
Event: 186.308 GC heap after
{Heap after GC invocations=73 (full 0):
 garbage-first heap   total 833536K, used 196405K [0x0000000700000000, 0x0000000800000000)
  region size 2048K, 5 young (10240K), 5 survivors (10240K)
 Metaspace       used 186879K, committed 189888K, reserved 1048576K
  class space    used 23604K, committed 25088K, reserved 851968K
}
Event: 186.482 GC heap before
{Heap before GC invocations=73 (full 0):
 garbage-first heap   total 833536K, used 259893K [0x0000000700000000, 0x0000000800000000)
  region size 2048K, 37 young (75776K), 5 survivors (10240K)
 Metaspace       used 186889K, committed 189888K, reserved 1048576K
  class space    used 23604K, committed 25088K, reserved 851968K
}
Event: 186.511 GC heap after
{Heap after GC invocations=74 (full 0):
 garbage-first heap   total 833536K, used 199225K [0x0000000700000000, 0x0000000800000000)
  region size 2048K, 2 young (4096K), 2 survivors (4096K)
 Metaspace       used 186889K, committed 189888K, reserved 1048576K
  class space    used 23604K, committed 25088K, reserved 851968K
}
Event: 187.055 GC heap before
{Heap before GC invocations=74 (full 0):
 garbage-first heap   total 833536K, used 432697K [0x0000000700000000, 0x0000000800000000)
  region size 2048K, 117 young (239616K), 2 survivors (4096K)
 Metaspace       used 186914K, committed 189952K, reserved 1048576K
  class space    used 23604K, committed 25088K, reserved 851968K
}
Event: 187.063 GC heap after
{Heap after GC invocations=75 (full 0):
 garbage-first heap   total 833536K, used 201869K [0x0000000700000000, 0x0000000800000000)
  region size 2048K, 3 young (6144K), 3 survivors (6144K)
 Metaspace       used 186914K, committed 189952K, reserved 1048576K
  class space    used 23604K, committed 25088K, reserved 851968K
}
Event: 189.741 GC heap before
{Heap before GC invocations=76 (full 0):
 garbage-first heap   total 833536K, used 539789K [0x0000000700000000, 0x0000000800000000)
  region size 2048K, 169 young (346112K), 3 survivors (6144K)
 Metaspace       used 186934K, committed 190016K, reserved 1048576K
  class space    used 23599K, committed 25088K, reserved 851968K
}
Event: 189.845 GC heap after
{Heap after GC invocations=77 (full 0):
 garbage-first heap   total 833536K, used 206338K [0x0000000700000000, 0x0000000800000000)
  region size 2048K, 6 young (12288K), 6 survivors (12288K)
 Metaspace       used 186934K, committed 190016K, reserved 1048576K
  class space    used 23599K, committed 25088K, reserved 851968K
}
Event: 197.756 GC heap before
{Heap before GC invocations=77 (full 0):
 garbage-first heap   total 833536K, used 691714K [0x0000000700000000, 0x0000000800000000)
  region size 2048K, 244 young (499712K), 6 survivors (12288K)
 Metaspace       used 186945K, committed 190016K, reserved 1048576K
  class space    used 23600K, committed 25088K, reserved 851968K
}
Event: 198.708 GC heap after
{Heap after GC invocations=78 (full 0):
 garbage-first heap   total 833536K, used 208790K [0x0000000700000000, 0x0000000800000000)
  region size 2048K, 8 young (16384K), 8 survivors (16384K)
 Metaspace       used 186945K, committed 190016K, reserved 1048576K
  class space    used 23600K, committed 25088K, reserved 851968K
}
Event: 199.063 GC heap before
{Heap before GC invocations=78 (full 0):
 garbage-first heap   total 833536K, used 233366K [0x0000000700000000, 0x0000000800000000)
  region size 2048K, 20 young (40960K), 8 survivors (16384K)
 Metaspace       used 186945K, committed 190016K, reserved 1048576K
  class space    used 23600K, committed 25088K, reserved 851968K
}

Dll operation events (16 events):
Event: 0.020 Loaded shared library C:\Program Files\Java\jdk-21.0.11\bin\java.dll
Event: 0.066 Loaded shared library C:\Program Files\Java\jdk-21.0.11\bin\jsvml.dll
Event: 0.120 Loaded shared library C:\Program Files\Java\jdk-21.0.11\bin\zip.dll
Event: 0.126 Loaded shared library C:\Program Files\Java\jdk-21.0.11\bin\instrument.dll
Event: 0.133 Loaded shared library C:\Program Files\Java\jdk-21.0.11\bin\net.dll
Event: 0.137 Loaded shared library C:\Program Files\Java\jdk-21.0.11\bin\nio.dll
Event: 0.141 Loaded shared library C:\Program Files\Java\jdk-21.0.11\bin\zip.dll
Event: 0.703 Loaded shared library C:\Program Files\Java\jdk-21.0.11\bin\jimage.dll
Event: 0.973 Loaded shared library C:\Program Files\Java\jdk-21.0.11\bin\verify.dll
Event: 1.062 Loaded shared library C:\Users\91770\.gradle\native\1def1411415f61bf3af743bc5b6707747c0891f09f0c88961ee8f79bc544acac\windows-amd64\native-platform.dll
Event: 1.078 Loaded shared library C:\Users\91770\.gradle\native\0.2.7\x86_64-windows-gnu\gradle-fileevents.dll
Event: 2.511 Loaded shared library C:\Program Files\Java\jdk-21.0.11\bin\management.dll
Event: 2.515 Loaded shared library C:\Program Files\Java\jdk-21.0.11\bin\management_ext.dll
Event: 2.666 Loaded shared library C:\Program Files\Java\jdk-21.0.11\bin\extnet.dll
Event: 2.924 Loaded shared library C:\Program Files\Java\jdk-21.0.11\bin\sunmscapi.dll
Event: 22.548 Loaded shared library C:\Program Files\Java\jdk-21.0.11\bin\rmi.dll

Deoptimization events (20 events):
Event: 192.886 Thread 0x000002e258263fa0 Uncommon trap: trap_request=0xffffffbe fr.pc=0x000002e2108aaafc relative=0x0000000000000c3c
Event: 192.886 Thread 0x000002e258263fa0 Uncommon trap: reason=profile_predicate action=maybe_recompile pc=0x000002e2108aaafc method=org.jetbrains.kotlin.metadata.jvm.deserialization.UtfEncodingKt.stringsToBytes([Ljava/lang/String;)[B @ 101 c2
Event: 192.886 Thread 0x000002e258263fa0 DEOPT PACKING pc=0x000002e2108aaafc sp=0x000000fa675fb2a0
Event: 192.886 Thread 0x000002e258263fa0 DEOPT UNPACKING pc=0x000002e20f9746a2 sp=0x000000fa675fb1c8 mode 2
Event: 192.889 Thread 0x000002e258263fa0 Uncommon trap: trap_request=0xffffffbe fr.pc=0x000002e2108aaafc relative=0x0000000000000c3c
Event: 192.889 Thread 0x000002e258263fa0 Uncommon trap: reason=profile_predicate action=maybe_recompile pc=0x000002e2108aaafc method=org.jetbrains.kotlin.metadata.jvm.deserialization.UtfEncodingKt.stringsToBytes([Ljava/lang/String;)[B @ 101 c2
Event: 192.889 Thread 0x000002e258c74060 Uncommon trap: trap_request=0xffffffbe fr.pc=0x000002e2108aaafc relative=0x0000000000000c3c
Event: 192.889 Thread 0x000002e258c74060 Uncommon trap: reason=profile_predicate action=maybe_recompile pc=0x000002e2108aaafc method=org.jetbrains.kotlin.metadata.jvm.deserialization.UtfEncodingKt.stringsToBytes([Ljava/lang/String;)[B @ 101 c2
Event: 192.889 Thread 0x000002e258263fa0 DEOPT PACKING pc=0x000002e2108aaafc sp=0x000000fa675fb100
Event: 192.889 Thread 0x000002e258c74060 DEOPT PACKING pc=0x000002e2108aaafc sp=0x000000fa67ffac30
Event: 192.890 Thread 0x000002e258263fa0 DEOPT UNPACKING pc=0x000002e20f9746a2 sp=0x000000fa675fb028 mode 2
Event: 192.890 Thread 0x000002e258c74060 DEOPT UNPACKING pc=0x000002e20f9746a2 sp=0x000000fa67ffab58 mode 2
Event: 193.859 Thread 0x000002e258c74060 Uncommon trap: trap_request=0xffffff54 fr.pc=0x000002e2108ba740 relative=0x00000000000003e0
Event: 193.859 Thread 0x000002e258c74060 Uncommon trap: reason=speculate_null_assert action=make_not_entrant pc=0x000002e2108ba740 method=org.jetbrains.kotlin.protobuf.GeneratedMessageLite$ExtendableMessage.getExtension(Lorg/jetbrains/kotlin/protobuf/GeneratedMessageLite$GeneratedExtension;)Ljav
Event: 193.859 Thread 0x000002e258c74060 DEOPT PACKING pc=0x000002e2108ba740 sp=0x000000fa67ffaa80
Event: 193.859 Thread 0x000002e258c74060 DEOPT UNPACKING pc=0x000002e20f9746a2 sp=0x000000fa67ffaa38 mode 2
Event: 198.783 Thread 0x000002e258268e60 Uncommon trap: trap_request=0xffffff54 fr.pc=0x000002e2107191d8 relative=0x0000000000001018
Event: 198.783 Thread 0x000002e258268e60 Uncommon trap: reason=speculate_null_assert action=make_not_entrant pc=0x000002e2107191d8 method=org.jetbrains.kotlin.protobuf.GeneratedMessageLite$ExtendableMessage.getExtension(Lorg/jetbrains/kotlin/protobuf/GeneratedMessageLite$GeneratedExtension;)Ljav
Event: 198.784 Thread 0x000002e258268e60 DEOPT PACKING pc=0x000002e2107191d8 sp=0x000000fa67dfac20
Event: 198.786 Thread 0x000002e258268e60 DEOPT UNPACKING pc=0x000002e20f9746a2 sp=0x000000fa67dfab08 mode 2

Classes loaded (20 events):
Event: 182.769 Loading class java/util/AbstractCollectionCustomizer
Event: 182.769 Loading class java/util/AbstractCollectionCustomizer done
Event: 182.769 Loading class java/util/AbstractCollectionCustomizer
Event: 182.769 Loading class java/util/AbstractCollectionCustomizer done
Event: 183.228 Loading class java/util/Collections$ReverseComparator
Event: 183.229 Loading class java/util/Collections$ReverseComparator done
Event: 183.229 Loading class java/util/Collections$ReverseComparator2
Event: 183.229 Loading class java/util/Collections$ReverseComparator2 done
Event: 184.547 Loading class java/io/SequenceInputStream
Event: 184.550 Loading class java/io/SequenceInputStream done
Event: 184.553 Loading class sun/nio/cs/ISO_8859_1$Encoder
Event: 184.556 Loading class sun/nio/cs/ISO_8859_1$Encoder done
Event: 184.558 Loading class sun/nio/cs/Surrogate$Parser
Event: 184.559 Loading class sun/nio/cs/Surrogate$Parser done
Event: 184.559 Loading class sun/nio/cs/Surrogate
Event: 184.560 Loading class sun/nio/cs/Surrogate done
Event: 184.664 Loading class java/util/PriorityQueue
Event: 184.665 Loading class java/util/PriorityQueue done
Event: 194.242 Loading class java/rmi/server/Unreferenced
Event: 194.251 Loading class java/rmi/server/Unreferenced done

Classes unloaded (20 events):
Event: 21.825 Thread 0x000002e27f805b00 Unloading class 0x000002e21dc76000 'java/lang/invoke/LambdaForm$MH+0x000002e21dc76000'
Event: 21.825 Thread 0x000002e27f805b00 Unloading class 0x000002e21dc75800 'java/lang/invoke/LambdaForm$MH+0x000002e21dc75800'
Event: 21.825 Thread 0x000002e27f805b00 Unloading class 0x000002e21dc75000 'java/lang/invoke/LambdaForm$MH+0x000002e21dc75000'
Event: 21.825 Thread 0x000002e27f805b00 Unloading class 0x000002e21dc74800 'java/lang/invoke/LambdaForm$MH+0x000002e21dc74800'
Event: 21.825 Thread 0x000002e27f805b00 Unloading class 0x000002e21dc73c00 'java/lang/invoke/LambdaForm$MH+0x000002e21dc73c00'
Event: 21.825 Thread 0x000002e27f805b00 Unloading class 0x000002e21dc73400 'java/lang/invoke/LambdaForm$MH+0x000002e21dc73400'
Event: 21.825 Thread 0x000002e27f805b00 Unloading class 0x000002e21dc72800 'java/lang/invoke/LambdaForm$MH+0x000002e21dc72800'
Event: 21.825 Thread 0x000002e27f805b00 Unloading class 0x000002e21dc72000 'java/lang/invoke/LambdaForm$MH+0x000002e21dc72000'
Event: 21.825 Thread 0x000002e27f805b00 Unloading class 0x000002e21dc71800 'java/lang/invoke/LambdaForm$MH+0x000002e21dc71800'
Event: 21.825 Thread 0x000002e27f805b00 Unloading class 0x000002e21dc71000 'java/lang/invoke/LambdaForm$MH+0x000002e21dc71000'
Event: 21.825 Thread 0x000002e27f805b00 Unloading class 0x000002e21dc70c00 'java/lang/invoke/LambdaForm$MH+0x000002e21dc70c00'
Event: 21.825 Thread 0x000002e27f805b00 Unloading class 0x000002e21dc70000 'java/lang/invoke/LambdaForm$DMH+0x000002e21dc70000'
Event: 21.825 Thread 0x000002e27f805b00 Unloading class 0x000002e21dc60c00 'java/lang/invoke/LambdaForm$MH+0x000002e21dc60c00'
Event: 21.825 Thread 0x000002e27f805b00 Unloading class 0x000002e21dc60400 'java/lang/invoke/LambdaForm$DMH+0x000002e21dc60400'
Event: 159.733 Thread 0x000002e27f805b00 Unloading class 0x000002e21dee0528 '_BuildScript_$_run_closure1'
Event: 159.734 Thread 0x000002e27f805b00 Unloading class 0x000002e21dee0000 '_BuildScript_'
Event: 187.269 Thread 0x000002e27f805b00 Unloading class 0x000002e21e893000 '_BuildScript_$_run_closure1$_closure3'
Event: 187.269 Thread 0x000002e27f805b00 Unloading class 0x000002e21e892910 '_BuildScript_$_run_closure1$_closure2'
Event: 187.269 Thread 0x000002e27f805b00 Unloading class 0x000002e21e892530 '_BuildScript_$_run_closure1'
Event: 187.269 Thread 0x000002e27f805b00 Unloading class 0x000002e21e892000 '_BuildScript_'

Classes redefined (0 events):
No events

Internal exceptions (20 events):
Event: 182.769 Thread 0x000002e25676b440 Exception <a 'java/lang/ClassNotFoundException'{0x0000000728d9ba38}: java/util/AbstractCollectionCustomizer> (0x0000000728d9ba38) 
thrown [s\open\src\hotspot\share\classfile\systemDictionary.cpp, line 313]
Event: 182.772 Thread 0x000002e25676b440 Exception <a 'java/lang/ClassNotFoundException'{0x0000000728dc1ea0}: org/gradle/api/internal/DefaultDomainObjectCollectionCustomizer> (0x0000000728dc1ea0) 
thrown [s\open\src\hotspot\share\classfile\systemDictionary.cpp, line 313]
Event: 182.774 Thread 0x000002e25676b440 Exception <a 'java/lang/ClassNotFoundException'{0x0000000728dfeda8}: org/gradle/api/internal/DefaultNamedDomainObjectCollectionCustomizer> (0x0000000728dfeda8) 
thrown [s\open\src\hotspot\share\classfile\systemDictionary.cpp, line 313]
Event: 182.777 Thread 0x000002e25676b440 Exception <a 'java/lang/ClassNotFoundException'{0x0000000728a4a738}: org/gradle/api/internal/DefaultNamedDomainObjectListCustomizer> (0x0000000728a4a738) 
thrown [s\open\src\hotspot\share\classfile\systemDictionary.cpp, line 313]
Event: 182.779 Thread 0x000002e25676b440 Exception <a 'java/lang/ClassNotFoundException'{0x0000000728a97b00}: org/gradle/api/internal/artifacts/DefaultArtifactRepositoryContainerCustomizer> (0x0000000728a97b00) 
thrown [s\open\src\hotspot\share\classfile\systemDictionary.cpp, line 313]
Event: 182.781 Thread 0x000002e25676b440 Exception <a 'java/lang/ClassNotFoundException'{0x0000000728ae0850}: org/gradle/api/internal/artifacts/dsl/DefaultRepositoryHandlerCustomizer> (0x0000000728ae0850) 
thrown [s\open\src\hotspot\share\classfile\systemDictionary.cpp, line 313]
Event: 182.784 Thread 0x000002e25676b440 Exception <a 'java/lang/ClassNotFoundException'{0x0000000728b386f0}: org/gradle/api/internal/artifacts/dsl/DefaultRepositoryHandler_DecoratedCustomizer> (0x0000000728b386f0) 
thrown [s\open\src\hotspot\share\classfile\systemDictionary.cpp, line 313]
Event: 182.793 Thread 0x000002e25676b440 Exception <a 'java/lang/ClassNotFoundException'{0x0000000728bdc728}: org/gradle/api/internal/artifacts/dsl/dependencies/DefaultDependencyHandler_DecoratedBeanInfo> (0x0000000728bdc728) 
thrown [s\open\src\hotspot\share\classfile\systemDictionary.cpp, line 313]
Event: 182.794 Thread 0x000002e25676b440 Exception <a 'java/lang/ClassNotFoundException'{0x0000000728bf3c08}: org/gradle/api/internal/artifacts/dsl/dependencies/DefaultDependencyHandlerBeanInfo> (0x0000000728bf3c08) 
thrown [s\open\src\hotspot\share\classfile\systemDictionary.cpp, line 313]
Event: 182.795 Thread 0x000002e25676b440 Exception <a 'java/lang/ClassNotFoundException'{0x000000072880b328}: org/gradle/api/internal/artifacts/dsl/dependencies/DefaultDependencyHandlerCustomizer> (0x000000072880b328) 
thrown [s\open\src\hotspot\share\classfile\systemDictionary.cpp, line 313]
Event: 182.798 Thread 0x000002e25676b440 Exception <a 'java/lang/ClassNotFoundException'{0x0000000728855c18}: org/gradle/api/internal/artifacts/dsl/dependencies/DefaultDependencyHandler_DecoratedCustomizer> (0x0000000728855c18) 
thrown [s\open\src\hotspot\share\classfile\systemDictionary.cpp, line 313]
Event: 183.701 Thread 0x000002e25a2d0ab0 Exception <a 'sun/nio/fs/WindowsException'{0x0000000727992b98}> (0x0000000727992b98) 
thrown [s\open\src\hotspot\share\prims\jni.cpp, line 520]
Event: 183.701 Thread 0x000002e25a2d0ab0 Exception <a 'sun/nio/fs/WindowsException'{0x0000000727995550}> (0x0000000727995550) 
thrown [s\open\src\hotspot\share\prims\jni.cpp, line 520]
Event: 183.702 Thread 0x000002e25a2d0ab0 Exception <a 'sun/nio/fs/WindowsException'{0x0000000727997fe8}> (0x0000000727997fe8) 
thrown [s\open\src\hotspot\share\prims\jni.cpp, line 520]
Event: 183.703 Thread 0x000002e25a2ce350 Exception <a 'sun/nio/fs/WindowsException'{0x00000007279922d8}> (0x00000007279922d8) 
thrown [s\open\src\hotspot\share\prims\jni.cpp, line 520]
Event: 183.704 Thread 0x000002e25a2ce350 Exception <a 'sun/nio/fs/WindowsException'{0x000000072799f9b0}> (0x000000072799f9b0) 
thrown [s\open\src\hotspot\share\prims\jni.cpp, line 520]
Event: 183.705 Thread 0x000002e25a2ce350 Exception <a 'sun/nio/fs/WindowsException'{0x00000007279a1ea8}> (0x00000007279a1ea8) 
thrown [s\open\src\hotspot\share\prims\jni.cpp, line 520]
Event: 184.525 Thread 0x000002e25a2d38a0 Exception <a 'sun/nio/fs/WindowsException'{0x00000007275d7608}> (0x00000007275d7608) 
thrown [s\open\src\hotspot\share\prims\jni.cpp, line 520]
Event: 184.642 Thread 0x000002e25a2d38a0 Exception <a 'sun/nio/fs/WindowsException'{0x000000072723f688}> (0x000000072723f688) 
thrown [s\open\src\hotspot\share\prims\jni.cpp, line 520]
Event: 190.752 Thread 0x000002e258263fa0 Implicit null exception at 0x000002e21078010f to 0x000002e2107804f9

ZGC Phase Switch (0 events):
No events

VM Operations (20 events):
Event: 186.511 Executing VM operation: G1CollectForAllocation (G1 Evacuation Pause) done
Event: 187.052 Executing VM operation: G1CollectForAllocation (G1 Evacuation Pause)
Event: 187.063 Executing VM operation: G1CollectForAllocation (G1 Evacuation Pause) done
Event: 187.266 Executing VM operation: G1PauseRemark
Event: 188.436 Executing VM operation: G1PauseRemark done
Event: 189.030 Executing VM operation: G1PauseCleanup
Event: 189.034 Executing VM operation: G1PauseCleanup done
Event: 189.738 Executing VM operation: G1CollectForAllocation (G1 Evacuation Pause)
Event: 189.845 Executing VM operation: G1CollectForAllocation (G1 Evacuation Pause) done
Event: 190.850 Executing VM operation: Cleanup
Event: 190.866 Executing VM operation: Cleanup done
Event: 191.903 Executing VM operation: Cleanup
Event: 191.917 Executing VM operation: Cleanup done
Event: 195.957 Executing VM operation: Cleanup
Event: 196.113 Executing VM operation: Cleanup done
Event: 197.125 Executing VM operation: Cleanup
Event: 197.126 Executing VM operation: Cleanup done
Event: 197.733 Executing VM operation: G1CollectForAllocation (G1 Evacuation Pause)
Event: 198.709 Executing VM operation: G1CollectForAllocation (G1 Evacuation Pause) done
Event: 199.031 Executing VM operation: G1CollectForAllocation (G1 Evacuation Pause)

Events (20 events):
Event: 188.339 Thread 0x000002e27f805b00 flushing nmethod 0x000002e209f6e110
Event: 188.339 Thread 0x000002e27f805b00 flushing nmethod 0x000002e209fe3c90
Event: 188.339 Thread 0x000002e27f805b00 flushing nmethod 0x000002e209fe4010
Event: 188.339 Thread 0x000002e27f805b00 flushing nmethod 0x000002e209fe6a10
Event: 188.339 Thread 0x000002e27f805b00 flushing nmethod 0x000002e20a120290
Event: 188.339 Thread 0x000002e27f805b00 flushing nmethod 0x000002e20a120710
Event: 188.339 Thread 0x000002e27f805b00 flushing nmethod 0x000002e20a120a90
Event: 188.339 Thread 0x000002e27f805b00 flushing nmethod 0x000002e20a121990
Event: 188.339 Thread 0x000002e27f805b00 flushing nmethod 0x000002e20a126810
Event: 188.339 Thread 0x000002e27f805b00 flushing nmethod 0x000002e20a1b7590
Event: 188.339 Thread 0x000002e27f805b00 flushing nmethod 0x000002e20a1e4090
Event: 188.339 Thread 0x000002e27f805b00 flushing nmethod 0x000002e20a22fb10
Event: 188.339 Thread 0x000002e27f805b00 flushing nmethod 0x000002e20a238190
Event: 188.339 Thread 0x000002e27f805b00 flushing nmethod 0x000002e20a279d10
Event: 188.339 Thread 0x000002e27f805b00 flushing nmethod 0x000002e20a486790
Event: 188.339 Thread 0x000002e27f805b00 flushing nmethod 0x000002e20a489990
Event: 190.301 Thread 0x000002e260170670 Thread exited: 0x000002e260170670
Event: 190.302 Thread 0x000002e25f46bf20 Thread exited: 0x000002e25f46bf20
Event: 190.302 Thread 0x000002e25f1d68a0 Thread exited: 0x000002e25f1d68a0
Event: 194.025 Thread 0x000002e26f750de0 Thread added: 0x000002e26f750de0


Dynamic libraries:
0x00007ff67fd10000 - 0x00007ff67fd20000 	C:\Program Files\Java\jdk-21.0.11\bin\java.exe
0x00007ffd9b3a0000 - 0x00007ffd9b607000 	C:\WINDOWS\SYSTEM32\ntdll.dll
0x00007ffd99f90000 - 0x00007ffd9a059000 	C:\WINDOWS\System32\KERNEL32.DLL
0x00007ffd97df0000 - 0x00007ffd981e4000 	C:\WINDOWS\System32\KERNELBASE.dll
0x00007ffd981f0000 - 0x00007ffd9833b000 	C:\WINDOWS\System32\ucrtbase.dll
0x00007ffd35130000 - 0x00007ffd35149000 	C:\Program Files\Java\jdk-21.0.11\bin\jli.dll
0x00007ffd3a170000 - 0x00007ffd3a18e000 	C:\Program Files\Java\jdk-21.0.11\bin\VCRUNTIME140.dll
0x00007ffd99c40000 - 0x00007ffd99cf6000 	C:\WINDOWS\System32\ADVAPI32.dll
0x00007ffd99d00000 - 0x00007ffd99da9000 	C:\WINDOWS\System32\msvcrt.dll
0x00007ffd9a620000 - 0x00007ffd9a6c7000 	C:\WINDOWS\System32\sechost.dll
0x00007ffd9a060000 - 0x00007ffd9a178000 	C:\WINDOWS\System32\RPCRT4.dll
0x00007ffd99530000 - 0x00007ffd996f5000 	C:\WINDOWS\System32\USER32.dll
0x00007ffd98fd0000 - 0x00007ffd98ff7000 	C:\WINDOWS\System32\win32u.dll
0x00007ffd85ab0000 - 0x00007ffd85d43000 	C:\WINDOWS\WinSxS\amd64_microsoft.windows.common-controls_6595b64144ccf1df_6.0.26100.8115_none_3e075c82e3354f9c\COMCTL32.dll
0x00007ffd99700000 - 0x00007ffd9972b000 	C:\WINDOWS\System32\GDI32.dll
0x00007ffd99000000 - 0x00007ffd9912b000 	C:\WINDOWS\System32\gdi32full.dll
0x00007ffd98400000 - 0x00007ffd984a3000 	C:\WINDOWS\System32\msvcp_win.dll
0x00007ffd8fd80000 - 0x00007ffd8fd8b000 	C:\WINDOWS\SYSTEM32\VERSION.dll
0x00007ffd99130000 - 0x00007ffd99162000 	C:\WINDOWS\System32\IMM32.DLL
0x00007ffd7b210000 - 0x00007ffd7b21c000 	C:\Program Files\Java\jdk-21.0.11\bin\vcruntime140_1.dll
0x00007ffc9b3d0000 - 0x00007ffc9b45d000 	C:\Program Files\Java\jdk-21.0.11\bin\msvcp140.dll
0x00007ffc9a6a0000 - 0x00007ffc9b3c8000 	C:\Program Files\Java\jdk-21.0.11\bin\server\jvm.dll
0x00007ffd9ab60000 - 0x00007ffd9abe0000 	C:\WINDOWS\System32\WS2_32.dll
0x00007ffd97ad0000 - 0x00007ffd97b2e000 	C:\WINDOWS\SYSTEM32\POWRPROF.dll
0x00007ffd8fd40000 - 0x00007ffd8fd76000 	C:\WINDOWS\SYSTEM32\WINMM.dll
0x00007ffd97ab0000 - 0x00007ffd97ac4000 	C:\WINDOWS\SYSTEM32\UMPDC.dll
0x00007ffd96a00000 - 0x00007ffd96a1b000 	C:\WINDOWS\SYSTEM32\kernel.appcore.dll
0x00007ffd799e0000 - 0x00007ffd799ea000 	C:\Program Files\Java\jdk-21.0.11\bin\jimage.dll
0x00007ffd95e70000 - 0x00007ffd960b2000 	C:\WINDOWS\SYSTEM32\DBGHELP.DLL
0x00007ffd9a180000 - 0x00007ffd9a502000 	C:\WINDOWS\System32\combase.dll
0x00007ffd99770000 - 0x00007ffd99848000 	C:\WINDOWS\System32\OLEAUT32.dll
0x00007ffd856e0000 - 0x00007ffd8571b000 	C:\WINDOWS\SYSTEM32\dbgcore.DLL
0x00007ffd984b0000 - 0x00007ffd98555000 	C:\WINDOWS\System32\bcryptPrimitives.dll
0x00007ffd7acf0000 - 0x00007ffd7ad00000 	C:\Program Files\Java\jdk-21.0.11\bin\instrument.dll
0x00007ffd262b0000 - 0x00007ffd262d1000 	C:\Program Files\Java\jdk-21.0.11\bin\java.dll
0x00007ffd9abf0000 - 0x00007ffd9b357000 	C:\WINDOWS\System32\SHELL32.dll
0x00007ffd985f0000 - 0x00007ffd9875a000 	C:\WINDOWS\System32\wintypes.dll
0x00007ffd98760000 - 0x00007ffd98fc8000 	C:\WINDOWS\System32\windows.storage.dll
0x00007ffd99210000 - 0x00007ffd99308000 	C:\WINDOWS\System32\SHCORE.dll
0x00007ffd99850000 - 0x00007ffd998b6000 	C:\WINDOWS\System32\shlwapi.dll
0x00007ffd97b90000 - 0x00007ffd97bb9000 	C:\WINDOWS\SYSTEM32\profapi.dll
0x00007ffc9a5c0000 - 0x00007ffc9a697000 	C:\Program Files\Java\jdk-21.0.11\bin\jsvml.dll
0x00007ffd31400000 - 0x00007ffd31418000 	C:\Program Files\Java\jdk-21.0.11\bin\zip.dll
0x00007ffd699e0000 - 0x00007ffd699f1000 	C:\Program Files\Java\jdk-21.0.11\bin\net.dll
0x00007ffd90cc0000 - 0x00007ffd90ded000 	C:\WINDOWS\SYSTEM32\WINHTTP.dll
0x00007ffd96f70000 - 0x00007ffd96fdc000 	C:\WINDOWS\system32\mswsock.dll
0x00007ffd314b0000 - 0x00007ffd314c6000 	C:\Program Files\Java\jdk-21.0.11\bin\nio.dll
0x00007ffd77b30000 - 0x00007ffd77b40000 	C:\Program Files\Java\jdk-21.0.11\bin\verify.dll
0x00007ffd7ad10000 - 0x00007ffd7ad37000 	C:\Users\91770\.gradle\native\1def1411415f61bf3af743bc5b6707747c0891f09f0c88961ee8f79bc544acac\windows-amd64\native-platform.dll
0x00007ffd24a10000 - 0x00007ffd24a88000 	C:\Users\91770\.gradle\native\0.2.7\x86_64-windows-gnu\gradle-fileevents.dll
0x00007ffd73fc0000 - 0x00007ffd73fca000 	C:\Program Files\Java\jdk-21.0.11\bin\management.dll
0x00007ffd72390000 - 0x00007ffd7239c000 	C:\Program Files\Java\jdk-21.0.11\bin\management_ext.dll
0x00007ffd9a600000 - 0x00007ffd9a608000 	C:\WINDOWS\System32\PSAPI.DLL
0x00007ffd96450000 - 0x00007ffd96482000 	C:\WINDOWS\SYSTEM32\IPHLPAPI.DLL
0x00007ffd99730000 - 0x00007ffd9973a000 	C:\WINDOWS\System32\NSI.dll
0x00007ffd5a280000 - 0x00007ffd5a289000 	C:\Program Files\Java\jdk-21.0.11\bin\extnet.dll
0x00007ffd97250000 - 0x00007ffd9726b000 	C:\WINDOWS\SYSTEM32\CRYPTSP.dll
0x00007ffd96960000 - 0x00007ffd96999000 	C:\WINDOWS\system32\rsaenh.dll
0x00007ffd97020000 - 0x00007ffd97053000 	C:\WINDOWS\SYSTEM32\USERENV.dll
0x00007ffd97b60000 - 0x00007ffd97b8a000 	C:\WINDOWS\SYSTEM32\bcrypt.dll
0x00007ffd97270000 - 0x00007ffd9727c000 	C:\WINDOWS\SYSTEM32\CRYPTBASE.dll
0x00007ffd7ac50000 - 0x00007ffd7ac5e000 	C:\Program Files\Java\jdk-21.0.11\bin\sunmscapi.dll
0x00007ffd97c70000 - 0x00007ffd97de7000 	C:\WINDOWS\System32\CRYPT32.dll
0x00007ffd97470000 - 0x00007ffd974a0000 	C:\WINDOWS\SYSTEM32\ncrypt.dll
0x00007ffd97420000 - 0x00007ffd9745f000 	C:\WINDOWS\SYSTEM32\NTASN1.dll
0x00007ffd54870000 - 0x00007ffd54878000 	C:\WINDOWS\system32\wshunix.dll
0x00007ffd7ae20000 - 0x00007ffd7ae27000 	C:\Program Files\Java\jdk-21.0.11\bin\rmi.dll
0x00007ffd96b20000 - 0x00007ffd96b56000 	C:\WINDOWS\SYSTEM32\ntmarta.dll
0x00007ffd964f0000 - 0x00007ffd96622000 	C:\WINDOWS\SYSTEM32\DNSAPI.dll
0x00007ffd8b020000 - 0x00007ffd8b02b000 	C:\Windows\System32\rasadhlp.dll
0x00007ffd8fbb0000 - 0x00007ffd8fc36000 	C:\WINDOWS\System32\fwpuclnt.dll

dbghelp: loaded successfully - version: 4.0.5 - missing functions: none
symbol engine: initialized successfully - sym options: 0x614 - pdb path: .;C:\Program Files\Java\jdk-21.0.11\bin;C:\WINDOWS\SYSTEM32;C:\WINDOWS\WinSxS\amd64_microsoft.windows.common-controls_6595b64144ccf1df_6.0.26100.8115_none_3e075c82e3354f9c;C:\Program Files\Java\jdk-21.0.11\bin\server;C:\Users\91770\.gradle\native\1def1411415f61bf3af743bc5b6707747c0891f09f0c88961ee8f79bc544acac\windows-amd64;C:\Users\91770\.gradle\native\0.2.7\x86_64-windows-gnu

VM Arguments:
jvm_args: --add-opens=java.base/java.lang=ALL-UNNAMED --add-opens=java.base/java.lang.invoke=ALL-UNNAMED --add-opens=java.base/java.util=ALL-UNNAMED --add-opens=java.prefs/java.util.prefs=ALL-UNNAMED --add-exports=jdk.compiler/com.sun.tools.javac.api=ALL-UNNAMED --add-exports=jdk.compiler/com.sun.tools.javac.util=ALL-UNNAMED --add-opens=java.base/java.util=ALL-UNNAMED --add-opens=java.prefs/java.util.prefs=ALL-UNNAMED --add-opens=java.base/java.nio.charset=ALL-UNNAMED --add-opens=java.base/java.net=ALL-UNNAMED --add-opens=java.base/java.util.concurrent.atomic=ALL-UNNAMED --add-opens=java.xml/javax.xml.namespace=ALL-UNNAMED -XX:MaxMetaspaceSize=1024m -Xmx4096m -Dfile.encoding=UTF-8 -Duser.country=US -Duser.language=en -Duser.variant -javaagent:C:\Users\91770\.gradle\wrapper\dists\gradle-8.14.3-bin\cv11ve7ro1n3o1j4so8xd9n66\gradle-8.14.3\lib\agents\gradle-instrumentation-agent-8.14.3.jar 
java_command: org.gradle.launcher.daemon.bootstrap.GradleDaemon 8.14.3
java_class_path (initial): C:\Users\91770\.gradle\wrapper\dists\gradle-8.14.3-bin\cv11ve7ro1n3o1j4so8xd9n66\gradle-8.14.3\lib\gradle-daemon-main-8.14.3.jar
Launcher Type: SUN_STANDARD

[Global flags]
     intx CICompilerCount                          = 4                                         {product} {ergonomic}
   size_t CompressedClassSpaceSize                 = 872415232                                 {product} {ergonomic}
     uint ConcGCThreads                            = 3                                         {product} {ergonomic}
     uint G1ConcRefinementThreads                  = 10                                        {product} {ergonomic}
   size_t G1HeapRegionSize                         = 2097152                                   {product} {ergonomic}
    uintx GCDrainStackTargetSize                   = 64                                        {product} {ergonomic}
   size_t InitialHeapSize                          = 98566144                                  {product} {ergonomic}
   size_t MarkStackSize                            = 4194304                                   {product} {ergonomic}
   size_t MaxHeapSize                              = 4294967296                                {product} {command line}
   size_t MaxMetaspaceSize                         = 1073741824                                {product} {command line}
   size_t MaxNewSize                               = 2575302656                                {product} {ergonomic}
   size_t MinHeapDeltaBytes                        = 2097152                                   {product} {ergonomic}
   size_t MinHeapSize                              = 8388608                                   {product} {ergonomic}
    uintx NonNMethodCodeHeapSize                   = 5839372                                {pd product} {ergonomic}
    uintx NonProfiledCodeHeapSize                  = 122909434                              {pd product} {ergonomic}
    uintx ProfiledCodeHeapSize                     = 122909434                              {pd product} {ergonomic}
    uintx ReservedCodeCacheSize                    = 251658240                              {pd product} {ergonomic}
     bool SegmentedCodeCache                       = true                                      {product} {ergonomic}
   size_t SoftMaxHeapSize                          = 4294967296                             {manageable} {ergonomic}
     bool UseCompressedOops                        = true                           {product lp64_product} {ergonomic}
     bool UseG1GC                                  = true                                      {product} {ergonomic}
     bool UseLargePagesIndividualAllocation        = false                                  {pd product} {ergonomic}

Logging:
Log output configuration:
 #0: stdout all=warning uptime,level,tags foldmultilines=false
 #1: stderr all=off uptime,level,tags foldmultilines=false

Environment Variables:
JAVA_HOME=C:\Program Files\Java\jdk-21.0.11
PATH=c:\Users\91770\AppData\Roaming\Code\User\globalStorage\github.copilot-chat\debugCommand;c:\Users\91770\AppData\Roaming\Code\User\globalStorage\github.copilot-chat\copilotCli;C:\Users\91770\AppData\Local\Programs\Microsoft VS Code;C:\Program Files\Common Files\Oracle\Java\javapath;C:\oraclexe\app\oracle\product\10.2.0\server\bin;C:\WINDOWS\system32;C:\WINDOWS;C:\WINDOWS\System32\Wbem;C:\WINDOWS\System32\WindowsPowerShell\v1.0\;C:\WINDOWS\System32\OpenSSH\;C:\Program Files\PuTTY\;C:\ProgramData\ComposerSetup\bin;C:\Program Files\Git\cmd;C:\Program Files (x86)\Microsoft SQL Server\160\DTS\Binn\;C:\Program Files\Java\jdk-21.0.11\bin;C:\Gradle\gradle-8.5\bin;C:\Users\91770\AppData\Local\Android\sdk\platform-tools;C:\Users\91770\AppData\Local\Android\sdk\tools;C:\Program Files\cursor\resources\app\bin;C:\Program Files\PostgreSQL\18\bin;C:\Users\91770\AppData\Local\nvm;C:\nvm4w\nodejs;C:\Program Files\nodejs\;C:\Users\91770\AppData\Local\Microsoft\WindowsApps;C:\Program Files\JetBrains\PyCharm 2023.2.1\bin;;C:\xampp\php;C:\Users\91770\AppData\Roaming\Composer\vendor\bin;C:\Users\91770\AppData\Local\Programs\Microsoft VS Code\bin;D:\cursor\resources\app\bin;D:\Program Files\Windsurf\bin;C:\Users\91770\AppData\Roaming\npm;C:\Users\91770\AppData\Local\nvm;C:\nvm4w\nodejs
USERNAME=91770
LANG=en_US.UTF-8
OS=Windows_NT
PROCESSOR_IDENTIFIER=AMD64 Family 23 Model 104 Stepping 1, AuthenticAMD
TMP=C:\Users\91770\AppData\Local\Temp
TEMP=C:\Users\91770\AppData\Local\Temp




Periodic native trim disabled

---------------  S Y S T E M  ---------------

OS:
 Windows 11 , 64 bit Build 26100 (10.0.26100.8246)
OS uptime: 0 days 2:14 hours

CPU: total 12 (initial active 12) (12 cores per cpu, 2 threads per core) family 23 model 104 stepping 1 microcode 0x8608109, cx8, cmov, fxsr, ht, mmx, 3dnowpref, sse, sse2, sse3, ssse3, sse4a, sse4.1, sse4.2, popcnt, lzcnt, tsc, tscinvbit, avx, avx2, aes, clmul, bmi1, bmi2, adx, sha, fma, vzeroupper, clflush, clflushopt, rdtscp, rdpid, f16c
Processor Information for processor 0
  Max Mhz: 2100, Current Mhz: 2100, Mhz Limit: 2100
Processor Information for processor 1
  Max Mhz: 2100, Current Mhz: 2100, Mhz Limit: 2100
Processor Information for processor 2
  Max Mhz: 2100, Current Mhz: 2100, Mhz Limit: 2100
Processor Information for processor 3
  Max Mhz: 2100, Current Mhz: 2100, Mhz Limit: 2100
Processor Information for processor 4
  Max Mhz: 2100, Current Mhz: 2100, Mhz Limit: 2100
Processor Information for processor 5
  Max Mhz: 2100, Current Mhz: 2100, Mhz Limit: 2100
Processor Information for processor 6
  Max Mhz: 2100, Current Mhz: 1700, Mhz Limit: 2100
Processor Information for processor 7
  Max Mhz: 2100, Current Mhz: 2100, Mhz Limit: 2100
Processor Information for processor 8
  Max Mhz: 2100, Current Mhz: 1700, Mhz Limit: 2100
Processor Information for processor 9
  Max Mhz: 2100, Current Mhz: 2100, Mhz Limit: 2100
Processor Information for processor 10
  Max Mhz: 2100, Current Mhz: 2100, Mhz Limit: 2100
Processor Information for processor 11
  Max Mhz: 2100, Current Mhz: 2100, Mhz Limit: 2100

Memory: 4k page, system-wide physical 5989M (3M free)
TotalPageFile size 24421M (AvailPageFile size 95M)
current process WorkingSet (physical memory assigned to process): 6M, peak: 669M
current process commit charge ("private bytes"): 1341M, peak: 1999M

vm_info: Java HotSpot(TM) 64-Bit Server VM (21.0.11+9-LTS-211) for windows-amd64 JRE (21.0.11+9-LTS-211), built on 2026-03-11T00:23:15Z by "mach5run" with MS VC++ 17.13 (VS2022)

END.
