#
# There is insufficient memory for the Java Runtime Environment to continue.
# Native memory allocation (malloc) failed to allocate 355360 bytes for Chunk::new
# Possible reasons:
#   The system is out of physical RAM or swap space
#   The process is running with CompressedOops enabled, and the Java Heap may be blocking the growth of the native heap
# Possible solutions:
#   Reduce memory load on the system
#   Increase physical memory or swap space
#   Check if swap backing store is full
#   Decrease Java heap size (-Xmx/-Xms)
#   Decrease number of Java threads
#   Decrease Java thread stack sizes (-Xss)
#   Set larger code cache with -XX:ReservedCodeCacheSize=
#   JVM is running with Zero Based Compressed Oops mode in which the Java heap is
#     placed in the first 32GB address space. The Java Heap base address is the
#     maximum limit for the native heap growth. Please use -XX:HeapBaseMinAddress
#     to set the Java Heap base and to place the Java Heap above 32GB virtual address.
# This output file may be truncated or incomplete.
#
#  Out of Memory Error (arena.cpp:168), pid=25972, tid=21824
#
# JRE version: Java(TM) SE Runtime Environment (21.0.11+9) (build 21.0.11+9-LTS-211)
# Java VM: Java HotSpot(TM) 64-Bit Server VM (21.0.11+9-LTS-211, mixed mode, sharing, tiered, compressed oops, compressed class ptrs, g1 gc, windows-amd64)
# No core dump will be written. Minidumps are not enabled by default on client versions of Windows
#

---------------  S U M M A R Y ------------

Command Line: --add-opens=java.base/java.lang=ALL-UNNAMED --add-opens=java.base/java.lang.invoke=ALL-UNNAMED --add-opens=java.base/java.util=ALL-UNNAMED --add-opens=java.prefs/java.util.prefs=ALL-UNNAMED --add-exports=jdk.compiler/com.sun.tools.javac.api=ALL-UNNAMED --add-exports=jdk.compiler/com.sun.tools.javac.util=ALL-UNNAMED --add-opens=java.base/java.util=ALL-UNNAMED --add-opens=java.prefs/java.util.prefs=ALL-UNNAMED --add-opens=java.base/java.nio.charset=ALL-UNNAMED --add-opens=java.base/java.net=ALL-UNNAMED --add-opens=java.base/java.util.concurrent.atomic=ALL-UNNAMED --add-opens=java.xml/javax.xml.namespace=ALL-UNNAMED -XX:MaxMetaspaceSize=1024m -Xmx4096m -Dfile.encoding=UTF-8 -Duser.country=US -Duser.language=en -Duser.variant -javaagent:C:\Users\91770\.gradle\wrapper\dists\gradle-8.14.3-bin\cv11ve7ro1n3o1j4so8xd9n66\gradle-8.14.3\lib\agents\gradle-instrumentation-agent-8.14.3.jar org.gradle.launcher.daemon.bootstrap.GradleDaemon 8.14.3

Host: AMD Ryzen 5 5500U with Radeon Graphics         , 12 cores, 5G,  Windows 11 , 64 bit Build 26100 (10.0.26100.8246)
Time: Mon May 11 22:39:33 2026 India Standard Time elapsed time: 222.956883 seconds (0d 0h 3m 42s)

---------------  T H R E A D  ---------------

Current thread (0x0000019f7af0b4d0):  JavaThread "C2 CompilerThread0" daemon [_thread_in_native, id=21824, stack(0x0000008512000000,0x0000008512100000) (1024K)]


Current CompileTask:
C2: 222957 26221   !   4       org.gradle.cache.internal.LockOnDemandCrossProcessCacheAccess::withFileLock (24 bytes)

Stack: [0x0000008512000000,0x0000008512100000]
Native frames: (J=compiled Java code, j=interpreted, Vv=VM code, C=native code)
V  [jvm.dll+0x6d0ef9]
V  [jvm.dll+0x860126]
V  [jvm.dll+0x86261e]
V  [jvm.dll+0x862cf3]
V  [jvm.dll+0x282bc6]
V  [jvm.dll+0xc67ad]
V  [jvm.dll+0xc6cf1]
V  [jvm.dll+0x3bbeab]
V  [jvm.dll+0x388322]
V  [jvm.dll+0x38776a]
V  [jvm.dll+0x24b520]
V  [jvm.dll+0x24aaff]
V  [jvm.dll+0x1cae7e]
V  [jvm.dll+0x25a7d9]
V  [jvm.dll+0x258d65]
V  [jvm.dll+0x3f50d1]
V  [jvm.dll+0x80ac0d]
V  [jvm.dll+0x6cf79d]
C  [ucrtbase.dll+0x37b0]
C  [KERNEL32.DLL+0x2e8d7]
C  [ntdll.dll+0x8c3fc]


---------------  P R O C E S S  ---------------

Threads class SMR info:
_java_thread_list=0x0000019f54be4ea0, length=196, elements={
0x0000019f5a057250, 0x0000019f7aefb2a0, 0x0000019f7aefdd10, 0x0000019f7aefead0,
0x0000019f7aeff790, 0x0000019f7af00600, 0x0000019f7af02580, 0x0000019f7af0b4d0,
0x0000019f7af1cf20, 0x0000019f39395fa0, 0x0000019f393b0680, 0x0000019f3ab44570,
0x0000019f3ab46cd0, 0x0000019f3ab44c00, 0x0000019f3ab479f0, 0x0000019f3ab45fb0,
0x0000019f3ab47360, 0x0000019f3ab45920, 0x0000019f3ab46640, 0x0000019f3ac4d220,
0x0000019f3ac4c500, 0x0000019f3ac4df40, 0x0000019f3ac4e5d0, 0x0000019f3ac4f2f0,
0x0000019f3ac4be70, 0x0000019f3ac506a0, 0x0000019f3ac513c0, 0x0000019f3ac50d30,
0x0000019f3ac51a50, 0x0000019f3ac4f980, 0x0000019f3ac520e0, 0x0000019f3dc7fa90,
0x0000019f3dc7ed70, 0x0000019f3dc80120, 0x0000019f3dc81b60, 0x0000019f3dc7e6e0,
0x0000019f3dc84950, 0x0000019f3dc82880, 0x0000019f3dc821f0, 0x0000019f3dc82f10,
0x0000019f3e2c2580, 0x0000019f3e2c1ef0, 0x0000019f3e2c32a0, 0x0000019f3e2c4ce0,
0x0000019f3e2c4650, 0x0000019f3e2c6090, 0x0000019f3e2c6720, 0x0000019f3e2c6db0,
0x0000019f3e2c3930, 0x0000019f3e2c7ad0, 0x0000019f3e2c9510, 0x0000019f3e2c8160,
0x0000019f3e2c7440, 0x0000019f3e2c87f0, 0x0000019f3e2c8e80, 0x0000019f3dc83c30,
0x0000019f3dc842c0, 0x0000019f3ac52770, 0x0000019f3ec3f030, 0x0000019f3ec3fd50,
0x0000019f3ec3e9a0, 0x0000019f3ec3f6c0, 0x0000019f3ec3dc80, 0x0000019f3ec3c8d0,
0x0000019f3ec3cf60, 0x0000019f3ec403e0, 0x0000019f3ec3d5f0, 0x0000019f3ec40a70,
0x0000019f3ec41100, 0x0000019f3ec41790, 0x0000019f3ec3e310, 0x0000019f3ec41e20,
0x0000019f3ec431d0, 0x0000019f3ec424b0, 0x0000019f3e2e7ae0, 0x0000019f3e2e8170,
0x0000019f3ed11c60, 0x0000019f3ed12980, 0x0000019f3ed136a0, 0x0000019f4ccb2970,
0x0000019f4ccb08a0, 0x0000019f4ccb3690, 0x0000019f4ccb1c50, 0x0000019f4ccb3000,
0x0000019f4ccb0210, 0x0000019f3ac50010, 0x0000019f3ac4d8b0, 0x0000019f3e2c3fc0,
0x0000019f3ec43ef0, 0x0000019f3b126c70, 0x0000019f3b127990, 0x0000019f3b125f50,
0x0000019f3b129a60, 0x0000019f3b1265e0, 0x0000019f3b12a0f0, 0x0000019f3b12ae10,
0x0000019f3b128d40, 0x0000019f3b12cee0, 0x0000019f3b12c850, 0x0000019f3b12dc00,
0x0000019f3b12a780, 0x0000019f3b12e290, 0x0000019f3b12d570, 0x0000019f3b12c1c0,
0x0000019f3b12e920, 0x0000019f3b12b4a0, 0x0000019f3b12bb30, 0x0000019f3b1286b0,
0x0000019f3b12fcd0, 0x0000019f3b130360, 0x0000019f3b131710, 0x0000019f3b1309f0,
0x0000019f3b132430, 0x0000019f4ee4d150, 0x0000019f4ee4b080, 0x0000019f4ee4e500,
0x0000019f4ee4b710, 0x0000019f4ee4eb90, 0x0000019f4ee4c430, 0x0000019f4ee4d7e0,
0x0000019f4ee4de70, 0x0000019f4ee4cac0, 0x0000019f4ee505d0, 0x0000019f4ee4f220,
0x0000019f4ee526a0, 0x0000019f4ee51980, 0x0000019f4ee533c0, 0x0000019f4ee53a50,
0x0000019f4ee540e0, 0x0000019f4ee512f0, 0x0000019f4ee50c60, 0x0000019f4ee55490,
0x0000019f4ee54770, 0x0000019f4ee55b20, 0x0000019f4ee54e00, 0x0000019f4ee561b0,
0x0000019f4ee52d30, 0x0000019f4ee56ed0, 0x0000019f4ee57bf0, 0x0000019f4ee57560,
0x0000019f4ee58280, 0x0000019f4ee58910, 0x0000019f4ee58fa0, 0x0000019f4ee56840,
0x0000019f4ef4f130, 0x0000019f4ef4d6f0, 0x0000019f4ef4f7c0, 0x0000019f4ef4fe50,
0x0000019f4ef4e410, 0x0000019f4ef4dd80, 0x0000019f4ef504e0, 0x0000019f4ef4eaa0,
0x0000019f4ef4d060, 0x0000019f4ef532d0, 0x0000019f4ef51f20, 0x0000019f4ef51200,
0x0000019f4ef50b70, 0x0000019f4ef53ff0, 0x0000019f4ef53960, 0x0000019f4ef51890,
0x0000019f4ef553a0, 0x0000019f4ef55a30, 0x0000019f4ef54680, 0x0000019f4ef54d10,
0x0000019f4ef525b0, 0x0000019f4ef560c0, 0x0000019f4ef52c40, 0x0000019f4ef58eb0,
0x0000019f4ef59bd0, 0x0000019f4ef57b00, 0x0000019f4ef59540, 0x0000019f4ef58820,
0x0000019f4ef56750, 0x0000019f4ef5a260, 0x0000019f4ef57470, 0x0000019f4ef56de0,
0x0000019f4ef5b610, 0x0000019f4ef5a8f0, 0x0000019f4ef5bca0, 0x0000019f4ef5c330,
0x0000019f4ef5af80, 0x0000019f4d2945a0, 0x0000019f4d293f10, 0x0000019f54859870,
0x0000019f4d295950, 0x0000019f4d62f7f0, 0x0000019f4d2931f0, 0x0000019f4d296d00,
0x0000019f4d630ba0, 0x0000019f4d62fe80, 0x0000019f54ae7cd0, 0x0000019f3ef1cdf0,
0x0000019f4d630510, 0x0000019f3ef1db10, 0x0000019f3921e660, 0x0000019f4d298740
}

Java Threads: ( => current thread )
  0x0000019f5a057250 JavaThread "main"                              [_thread_blocked, id=20744, stack(0x0000008511200000,0x0000008511300000) (1024K)]
  0x0000019f7aefb2a0 JavaThread "Reference Handler"          daemon [_thread_blocked, id=7932, stack(0x0000008511a00000,0x0000008511b00000) (1024K)]
  0x0000019f7aefdd10 JavaThread "Finalizer"                  daemon [_thread_blocked, id=22920, stack(0x0000008511b00000,0x0000008511c00000) (1024K)]
  0x0000019f7aefead0 JavaThread "Signal Dispatcher"          daemon [_thread_blocked, id=14820, stack(0x0000008511c00000,0x0000008511d00000) (1024K)]
  0x0000019f7aeff790 JavaThread "Attach Listener"            daemon [_thread_blocked, id=14868, stack(0x0000008511d00000,0x0000008511e00000) (1024K)]
  0x0000019f7af00600 JavaThread "Service Thread"             daemon [_thread_blocked, id=13428, stack(0x0000008511e00000,0x0000008511f00000) (1024K)]
  0x0000019f7af02580 JavaThread "Monitor Deflation Thread"   daemon [_thread_blocked, id=21040, stack(0x0000008511f00000,0x0000008512000000) (1024K)]
=>0x0000019f7af0b4d0 JavaThread "C2 CompilerThread0"         daemon [_thread_in_native, id=21824, stack(0x0000008512000000,0x0000008512100000) (1024K)]
  0x0000019f7af1cf20 JavaThread "C1 CompilerThread0"         daemon [_thread_blocked, id=27512, stack(0x0000008512100000,0x0000008512200000) (1024K)]
  0x0000019f39395fa0 JavaThread "Common-Cleaner"             daemon [_thread_blocked, id=5616, stack(0x0000008512200000,0x0000008512300000) (1024K)]
  0x0000019f393b0680 JavaThread "Notification Thread"        daemon [_thread_blocked, id=3452, stack(0x0000008512300000,0x0000008512400000) (1024K)]
  0x0000019f3ab44570 JavaThread "Daemon health stats"               [_thread_blocked, id=21356, stack(0x0000008512b00000,0x0000008512c00000) (1024K)]
  0x0000019f3ab46cd0 JavaThread "Incoming local TCP Connector on port 51976"        [_thread_in_native, id=26740, stack(0x0000008512c00000,0x0000008512d00000) (1024K)]
  0x0000019f3ab44c00 JavaThread "Daemon periodic checks"            [_thread_blocked, id=23484, stack(0x0000008512d00000,0x0000008512e00000) (1024K)]
  0x0000019f3ab479f0 JavaThread "Daemon"                            [_thread_blocked, id=27176, stack(0x0000008512e00000,0x0000008512f00000) (1024K)]
  0x0000019f3ab45fb0 JavaThread "Handler for socket connection from /127.0.0.1:51976 to /127.0.0.1:51977"        [_thread_in_native, id=3584, stack(0x0000008512f00000,0x0000008513000000) (1024K)]
  0x0000019f3ab47360 JavaThread "Cancel handler"                    [_thread_blocked, id=23692, stack(0x0000008513000000,0x0000008513100000) (1024K)]
  0x0000019f3ab45920 JavaThread "Daemon worker"                     [_thread_blocked, id=7876, stack(0x0000008513100000,0x0000008513200000) (1024K)]
  0x0000019f3ab46640 JavaThread "Asynchronous log dispatcher for DefaultDaemonConnection: socket connection from /127.0.0.1:51976 to /127.0.0.1:51977"        [_thread_blocked, id=21464, stack(0x0000008513200000,0x0000008513300000) (1024K)]
  0x0000019f3ac4d220 JavaThread "Stdin handler"                     [_thread_blocked, id=3208, stack(0x0000008513300000,0x0000008513400000) (1024K)]
  0x0000019f3ac4c500 JavaThread "Daemon client event forwarder"        [_thread_blocked, id=24784, stack(0x0000008513400000,0x0000008513500000) (1024K)]
  0x0000019f3ac4df40 JavaThread "Cache worker for journal cache (C:\Users\91770\.gradle\caches\journal-1)"        [_thread_blocked, id=888, stack(0x0000008513500000,0x0000008513600000) (1024K)]
  0x0000019f3ac4e5d0 JavaThread "File lock request listener"        [_thread_in_native, id=9364, stack(0x0000008513600000,0x0000008513700000) (1024K)]
  0x0000019f3ac4f2f0 JavaThread "Cache worker for file hash cache (C:\Users\91770\.gradle\caches\8.14.3\fileHashes)"        [_thread_blocked, id=16276, stack(0x0000008513700000,0x0000008513800000) (1024K)]
  0x0000019f3ac4be70 JavaThread "Cache worker for file hash cache (D:\Money_Expence_Tracker_MobileApplication\android\.gradle\8.14.3\fileHashes)"        [_thread_blocked, id=13820, stack(0x0000008513c00000,0x0000008513d00000) (1024K)]
  0x0000019f3ac506a0 JavaThread "Cache worker for Build Output Cleanup Cache (D:\Money_Expence_Tracker_MobileApplication\android\.gradle\buildOutputCleanup)"        [_thread_blocked, id=20824, stack(0x0000008513d00000,0x0000008513e00000) (1024K)]
  0x0000019f3ac513c0 JavaThread "File watcher server"        daemon [_thread_in_native, id=404, stack(0x0000008513e00000,0x0000008513f00000) (1024K)]
  0x0000019f3ac50d30 JavaThread "File watcher consumer"      daemon [_thread_blocked, id=22616, stack(0x0000008513f00000,0x0000008514000000) (1024K)]
  0x0000019f3ac51a50 JavaThread "jar transforms"                    [_thread_blocked, id=6468, stack(0x0000008514000000,0x0000008514100000) (1024K)]
  0x0000019f3ac4f980 JavaThread "Cache worker for checksums cache (D:\Money_Expence_Tracker_MobileApplication\android\.gradle\8.14.3\checksums)"        [_thread_blocked, id=19260, stack(0x0000008514100000,0x0000008514200000) (1024K)]
  0x0000019f3ac520e0 JavaThread "Cache worker for file content cache (C:\Users\91770\.gradle\caches\8.14.3\fileContent)"        [_thread_blocked, id=16296, stack(0x0000008514200000,0x0000008514300000) (1024K)]
  0x0000019f3dc7fa90 JavaThread "Cache worker for cache directory md-supplier (C:\Users\91770\.gradle\caches\8.14.3\md-supplier)"        [_thread_blocked, id=15172, stack(0x0000008514600000,0x0000008514700000) (1024K)]
  0x0000019f3dc7ed70 JavaThread "Cache worker for cache directory md-rule (C:\Users\91770\.gradle\caches\8.14.3\md-rule)"        [_thread_blocked, id=13040, stack(0x0000008514700000,0x0000008514800000) (1024K)]
  0x0000019f3dc80120 JavaThread "Cache worker for Build Output Cleanup Cache (D:\Money_Expence_Tracker_MobileApplication\node_modules\@react-native\gradle-plugin\.gradle\buildOutputCleanup)"        [_thread_blocked, id=5916, stack(0x0000008514800000,0x0000008514900000) (1024K)]
  0x0000019f3dc81b60 JavaThread "Unconstrained build operations"        [_thread_blocked, id=24884, stack(0x0000008514a00000,0x0000008514b00000) (1024K)]
  0x0000019f3dc7e6e0 JavaThread "Unconstrained build operations Thread 2"        [_thread_blocked, id=13308, stack(0x0000008514b00000,0x0000008514c00000) (1024K)]
  0x0000019f3dc84950 JavaThread "Unconstrained build operations Thread 3"        [_thread_blocked, id=9672, stack(0x0000008514c00000,0x0000008514d00000) (1024K)]
  0x0000019f3dc82880 JavaThread "Unconstrained build operations Thread 4"        [_thread_blocked, id=14512, stack(0x0000008514d00000,0x0000008514e00000) (1024K)]
  0x0000019f3dc821f0 JavaThread "Unconstrained build operations Thread 5"        [_thread_blocked, id=3064, stack(0x0000008514e00000,0x0000008514f00000) (1024K)]
  0x0000019f3dc82f10 JavaThread "Unconstrained build operations Thread 6"        [_thread_blocked, id=12128, stack(0x0000008514f00000,0x0000008515000000) (1024K)]
  0x0000019f3e2c2580 JavaThread "Cache worker for Build Output Cleanup Cache (D:\Money_Expence_Tracker_MobileApplication\node_modules\expo-modules-autolinking\android\expo-gradle-plugin\.gradle\buildOutputCleanup)"        [_thread_blocked, id=27288, stack(0x0000008515000000,0x0000008515100000) (1024K)]
  0x0000019f3e2c1ef0 JavaThread "Unconstrained build operations Thread 7"        [_thread_blocked, id=25532, stack(0x0000008515100000,0x0000008515200000) (1024K)]
  0x0000019f3e2c32a0 JavaThread "Unconstrained build operations Thread 8"        [_thread_blocked, id=21116, stack(0x0000008515200000,0x0000008515300000) (1024K)]
  0x0000019f3e2c4ce0 JavaThread "Unconstrained build operations Thread 9"        [_thread_in_native, id=11324, stack(0x0000008515300000,0x0000008515400000) (1024K)]
  0x0000019f3e2c4650 JavaThread "Unconstrained build operations Thread 10"        [_thread_blocked, id=26668, stack(0x0000008515400000,0x0000008515500000) (1024K)]
  0x0000019f3e2c6090 JavaThread "Unconstrained build operations Thread 11"        [_thread_blocked, id=20908, stack(0x0000008515500000,0x0000008515600000) (1024K)]
  0x0000019f3e2c6720 JavaThread "Unconstrained build operations Thread 12"        [_thread_in_Java, id=25544, stack(0x0000008515600000,0x0000008515700000) (1024K)]
  0x0000019f3e2c6db0 JavaThread "Unconstrained build operations Thread 13"        [_thread_blocked, id=1988, stack(0x0000008515700000,0x0000008515800000) (1024K)]
  0x0000019f3e2c3930 JavaThread "Unconstrained build operations Thread 14"        [_thread_in_Java, id=23464, stack(0x0000008515800000,0x0000008515900000) (1024K)]
  0x0000019f3e2c7ad0 JavaThread "Unconstrained build operations Thread 15"        [_thread_blocked, id=26572, stack(0x0000008515900000,0x0000008515a00000) (1024K)]
  0x0000019f3e2c9510 JavaThread "Unconstrained build operations Thread 16"        [_thread_blocked, id=26992, stack(0x0000008515a00000,0x0000008515b00000) (1024K)]
  0x0000019f3e2c8160 JavaThread "Unconstrained build operations Thread 17"        [_thread_blocked, id=27268, stack(0x0000008515b00000,0x0000008515c00000) (1024K)]
  0x0000019f3e2c7440 JavaThread "Unconstrained build operations Thread 18"        [_thread_blocked, id=25756, stack(0x0000008515c00000,0x0000008515d00000) (1024K)]
  0x0000019f3e2c87f0 JavaThread "Unconstrained build operations Thread 19"        [_thread_blocked, id=22768, stack(0x0000008515d00000,0x0000008515e00000) (1024K)]
  0x0000019f3e2c8e80 JavaThread "Unconstrained build operations Thread 20"        [_thread_blocked, id=27124, stack(0x0000008515e00000,0x0000008515f00000) (1024K)]
  0x0000019f3dc83c30 JavaThread "Unconstrained build operations Thread 21"        [_thread_blocked, id=22532, stack(0x0000008515f00000,0x0000008516000000) (1024K)]
  0x0000019f3dc842c0 JavaThread "Unconstrained build operations Thread 22"        [_thread_in_Java, id=15712, stack(0x0000008516000000,0x0000008516100000) (1024K)]
  0x0000019f3ac52770 JavaThread "Unconstrained build operations Thread 23"        [_thread_in_vm, id=9652, stack(0x0000008516100000,0x0000008516200000) (1024K)]
  0x0000019f3ec3f030 JavaThread "Unconstrained build operations Thread 24"        [_thread_in_Java, id=23772, stack(0x0000008516200000,0x0000008516300000) (1024K)]
  0x0000019f3ec3fd50 JavaThread "Unconstrained build operations Thread 25"        [_thread_in_native, id=18740, stack(0x0000008516300000,0x0000008516400000) (1024K)]
  0x0000019f3ec3e9a0 JavaThread "Unconstrained build operations Thread 26"        [_thread_in_Java, id=26824, stack(0x0000008516400000,0x0000008516500000) (1024K)]
  0x0000019f3ec3f6c0 JavaThread "Unconstrained build operations Thread 27"        [_thread_in_Java, id=26636, stack(0x0000008516500000,0x0000008516600000) (1024K)]
  0x0000019f3ec3dc80 JavaThread "Unconstrained build operations Thread 28"        [_thread_in_native, id=2088, stack(0x0000008516600000,0x0000008516700000) (1024K)]
  0x0000019f3ec3c8d0 JavaThread "Unconstrained build operations Thread 29"        [_thread_blocked, id=11912, stack(0x0000008516700000,0x0000008516800000) (1024K)]
  0x0000019f3ec3cf60 JavaThread "Unconstrained build operations Thread 30"        [_thread_blocked, id=27184, stack(0x0000008516800000,0x0000008516900000) (1024K)]
  0x0000019f3ec403e0 JavaThread "Unconstrained build operations Thread 31"        [_thread_blocked, id=26576, stack(0x0000008516900000,0x0000008516a00000) (1024K)]
  0x0000019f3ec3d5f0 JavaThread "Unconstrained build operations Thread 32"        [_thread_blocked, id=27452, stack(0x0000008516a00000,0x0000008516b00000) (1024K)]
  0x0000019f3ec40a70 JavaThread "Unconstrained build operations Thread 33"        [_thread_blocked, id=26720, stack(0x0000008516b00000,0x0000008516c00000) (1024K)]
  0x0000019f3ec41100 JavaThread "Unconstrained build operations Thread 34"        [_thread_blocked, id=12704, stack(0x0000008516c00000,0x0000008516d00000) (1024K)]
  0x0000019f3ec41790 JavaThread "Unconstrained build operations Thread 35"        [_thread_blocked, id=19272, stack(0x0000008516d00000,0x0000008516e00000) (1024K)]
  0x0000019f3ec3e310 JavaThread "Unconstrained build operations Thread 36"        [_thread_blocked, id=8680, stack(0x0000008516e00000,0x0000008516f00000) (1024K)]
  0x0000019f3ec41e20 JavaThread "Unconstrained build operations Thread 37"        [_thread_blocked, id=19904, stack(0x0000008516f00000,0x0000008517000000) (1024K)]
  0x0000019f3ec431d0 JavaThread "Unconstrained build operations Thread 38"        [_thread_blocked, id=27464, stack(0x0000008517000000,0x0000008517100000) (1024K)]
  0x0000019f3ec424b0 JavaThread "Unconstrained build operations Thread 39"        [_thread_blocked, id=27092, stack(0x0000008517100000,0x0000008517200000) (1024K)]
  0x0000019f3e2e7ae0 JavaThread "build event listener"              [_thread_blocked, id=27480, stack(0x0000008517200000,0x0000008517300000) (1024K)]
  0x0000019f3e2e8170 JavaThread "Memory manager"                    [_thread_blocked, id=4852, stack(0x0000008517300000,0x0000008517400000) (1024K)]
  0x0000019f3ed11c60 JavaThread "Kotlin DSL Writer"                 [_thread_blocked, id=25076, stack(0x0000008517400000,0x0000008517500000) (1024K)]
  0x0000019f3ed12980 JavaThread "Unconstrained build operations Thread 40"        [_thread_blocked, id=26704, stack(0x0000008517500000,0x0000008517600000) (1024K)]
  0x0000019f3ed136a0 JavaThread "Unconstrained build operations Thread 41"        [_thread_blocked, id=6660, stack(0x0000008517600000,0x0000008517700000) (1024K)]
  0x0000019f4ccb2970 JavaThread "Unconstrained build operations Thread 42"        [_thread_blocked, id=27492, stack(0x0000008517700000,0x0000008517800000) (1024K)]
  0x0000019f4ccb08a0 JavaThread "Unconstrained build operations Thread 43"        [_thread_blocked, id=5524, stack(0x0000008517800000,0x0000008517900000) (1024K)]
  0x0000019f4ccb3690 JavaThread "Unconstrained build operations Thread 44"        [_thread_blocked, id=24508, stack(0x0000008517900000,0x0000008517a00000) (1024K)]
  0x0000019f4ccb1c50 JavaThread "Unconstrained build operations Thread 45"        [_thread_blocked, id=20684, stack(0x0000008517a00000,0x0000008517b00000) (1024K)]
  0x0000019f4ccb3000 JavaThread "Unconstrained build operations Thread 46"        [_thread_blocked, id=19960, stack(0x0000008517b00000,0x0000008517c00000) (1024K)]
  0x0000019f4ccb0210 JavaThread "Unconstrained build operations Thread 47"        [_thread_blocked, id=26948, stack(0x0000008517c00000,0x0000008517d00000) (1024K)]
  0x0000019f3ac50010 JavaThread "Unconstrained build operations Thread 48"        [_thread_blocked, id=18852, stack(0x0000008517d00000,0x0000008517e00000) (1024K)]
  0x0000019f3ac4d8b0 JavaThread "Unconstrained build operations Thread 49"        [_thread_blocked, id=3956, stack(0x0000008517e00000,0x0000008517f00000) (1024K)]
  0x0000019f3e2c3fc0 JavaThread "Unconstrained build operations Thread 50"        [_thread_blocked, id=23052, stack(0x0000008517f00000,0x0000008518000000) (1024K)]
  0x0000019f3ec43ef0 JavaThread "build event listener"              [_thread_blocked, id=19488, stack(0x0000008518000000,0x0000008518100000) (1024K)]
  0x0000019f3b126c70 JavaThread "Unconstrained build operations Thread 51"        [_thread_blocked, id=24776, stack(0x0000008518300000,0x0000008518400000) (1024K)]
  0x0000019f3b127990 JavaThread "Unconstrained build operations Thread 52"        [_thread_blocked, id=18140, stack(0x0000008518400000,0x0000008518500000) (1024K)]
  0x0000019f3b125f50 JavaThread "Unconstrained build operations Thread 53"        [_thread_blocked, id=12216, stack(0x0000008518500000,0x0000008518600000) (1024K)]
  0x0000019f3b129a60 JavaThread "Unconstrained build operations Thread 54"        [_thread_blocked, id=20192, stack(0x0000008518600000,0x0000008518700000) (1024K)]
  0x0000019f3b1265e0 JavaThread "Unconstrained build operations Thread 55"        [_thread_blocked, id=23316, stack(0x0000008518700000,0x0000008518800000) (1024K)]
  0x0000019f3b12a0f0 JavaThread "Unconstrained build operations Thread 56"        [_thread_blocked, id=3592, stack(0x0000008518800000,0x0000008518900000) (1024K)]
  0x0000019f3b12ae10 JavaThread "Unconstrained build operations Thread 57"        [_thread_blocked, id=3704, stack(0x0000008518900000,0x0000008518a00000) (1024K)]
  0x0000019f3b128d40 JavaThread "Unconstrained build operations Thread 58"        [_thread_blocked, id=21028, stack(0x0000008518a00000,0x0000008518b00000) (1024K)]
  0x0000019f3b12cee0 JavaThread "Unconstrained build operations Thread 59"        [_thread_blocked, id=10060, stack(0x0000008518b00000,0x0000008518c00000) (1024K)]
  0x0000019f3b12c850 JavaThread "Unconstrained build operations Thread 60"        [_thread_blocked, id=22464, stack(0x0000008518c00000,0x0000008518d00000) (1024K)]
  0x0000019f3b12dc00 JavaThread "Unconstrained build operations Thread 61"        [_thread_blocked, id=11340, stack(0x0000008518d00000,0x0000008518e00000) (1024K)]
  0x0000019f3b12a780 JavaThread "Unconstrained build operations Thread 62"        [_thread_blocked, id=3040, stack(0x0000008518e00000,0x0000008518f00000) (1024K)]
  0x0000019f3b12e290 JavaThread "Unconstrained build operations Thread 63"        [_thread_blocked, id=25608, stack(0x0000008518f00000,0x0000008519000000) (1024K)]
  0x0000019f3b12d570 JavaThread "Unconstrained build operations Thread 64"        [_thread_blocked, id=11696, stack(0x0000008519000000,0x0000008519100000) (1024K)]
  0x0000019f3b12c1c0 JavaThread "Unconstrained build operations Thread 65"        [_thread_blocked, id=3728, stack(0x0000008519100000,0x0000008519200000) (1024K)]
  0x0000019f3b12e920 JavaThread "Unconstrained build operations Thread 66"        [_thread_blocked, id=15752, stack(0x0000008519200000,0x0000008519300000) (1024K)]
  0x0000019f3b12b4a0 JavaThread "Unconstrained build operations Thread 67"        [_thread_blocked, id=5980, stack(0x0000008519300000,0x0000008519400000) (1024K)]
  0x0000019f3b12bb30 JavaThread "Unconstrained build operations Thread 68"        [_thread_blocked, id=12048, stack(0x0000008519400000,0x0000008519500000) (1024K)]
  0x0000019f3b1286b0 JavaThread "Unconstrained build operations Thread 69"        [_thread_blocked, id=27108, stack(0x0000008519500000,0x0000008519600000) (1024K)]
  0x0000019f3b12fcd0 JavaThread "Unconstrained build operations Thread 70"        [_thread_blocked, id=25596, stack(0x0000008519600000,0x0000008519700000) (1024K)]
  0x0000019f3b130360 JavaThread "Unconstrained build operations Thread 71"        [_thread_blocked, id=27532, stack(0x0000008519700000,0x0000008519800000) (1024K)]
  0x0000019f3b131710 JavaThread "Unconstrained build operations Thread 72"        [_thread_blocked, id=26152, stack(0x0000008519800000,0x0000008519900000) (1024K)]
  0x0000019f3b1309f0 JavaThread "Unconstrained build operations Thread 73"        [_thread_blocked, id=7752, stack(0x0000008519900000,0x0000008519a00000) (1024K)]
  0x0000019f3b132430 JavaThread "Unconstrained build operations Thread 74"        [_thread_blocked, id=26872, stack(0x0000008519a00000,0x0000008519b00000) (1024K)]
  0x0000019f4ee4d150 JavaThread "ForkJoinPool.commonPool-worker-2" daemon [_thread_blocked, id=15432, stack(0x0000008511000000,0x0000008511100000) (1024K)]
  0x0000019f4ee4b080 JavaThread "ForkJoinPool.commonPool-worker-3" daemon [_thread_blocked, id=13024, stack(0x0000008511100000,0x0000008511200000) (1024K)]
  0x0000019f4ee4e500 JavaThread "ForkJoinPool.commonPool-worker-4" daemon [_thread_blocked, id=27224, stack(0x0000008514300000,0x0000008514400000) (1024K)]
  0x0000019f4ee4b710 JavaThread "ForkJoinPool.commonPool-worker-6" daemon [_thread_blocked, id=16140, stack(0x0000008514400000,0x0000008514500000) (1024K)]
  0x0000019f4ee4eb90 JavaThread "ForkJoinPool.commonPool-worker-5" daemon [_thread_blocked, id=8648, stack(0x0000008514500000,0x0000008514600000) (1024K)]
  0x0000019f4ee4c430 JavaThread "ForkJoinPool.commonPool-worker-8" daemon [_thread_blocked, id=12752, stack(0x0000008519c00000,0x0000008519d00000) (1024K)]
  0x0000019f4ee4d7e0 JavaThread "ForkJoinPool.commonPool-worker-9" daemon [_thread_blocked, id=18488, stack(0x0000008519d00000,0x0000008519e00000) (1024K)]
  0x0000019f4ee4de70 JavaThread "ForkJoinPool.commonPool-worker-10" daemon [_thread_blocked, id=25308, stack(0x0000008519e00000,0x0000008519f00000) (1024K)]
  0x0000019f4ee4cac0 JavaThread "ForkJoinPool.commonPool-worker-11" daemon [_thread_blocked, id=4884, stack(0x0000008519f00000,0x000000851a000000) (1024K)]
  0x0000019f4ee505d0 JavaThread "included builds"                   [_thread_blocked, id=11096, stack(0x000000851a300000,0x000000851a400000) (1024K)]
  0x0000019f4ee4f220 JavaThread "included builds Thread 2"          [_thread_blocked, id=20548, stack(0x000000851a400000,0x000000851a500000) (1024K)]
  0x0000019f4ee526a0 JavaThread "Execution worker"                  [_thread_in_native, id=26888, stack(0x000000851a500000,0x000000851a600000) (1024K)]
  0x0000019f4ee51980 JavaThread "Execution worker Thread 2"         [_thread_blocked, id=21564, stack(0x000000851a600000,0x000000851a700000) (1024K)]
  0x0000019f4ee533c0 JavaThread "Execution worker Thread 3"         [_thread_blocked, id=3724, stack(0x000000851a700000,0x000000851a800000) (1024K)]
  0x0000019f4ee53a50 JavaThread "Execution worker Thread 4"         [_thread_blocked, id=24620, stack(0x000000851a800000,0x000000851a900000) (1024K)]
  0x0000019f4ee540e0 JavaThread "Execution worker Thread 5"         [_thread_in_Java, id=25156, stack(0x000000851a900000,0x000000851aa00000) (1024K)]
  0x0000019f4ee512f0 JavaThread "Execution worker Thread 6"         [_thread_blocked, id=10948, stack(0x000000851aa00000,0x000000851ab00000) (1024K)]
  0x0000019f4ee50c60 JavaThread "Execution worker Thread 7"         [_thread_blocked, id=5420, stack(0x000000851ab00000,0x000000851ac00000) (1024K)]
  0x0000019f4ee55490 JavaThread "Execution worker Thread 8"         [_thread_blocked, id=27528, stack(0x000000851ac00000,0x000000851ad00000) (1024K)]
  0x0000019f4ee54770 JavaThread "Execution worker Thread 9"         [_thread_blocked, id=23568, stack(0x000000851ad00000,0x000000851ae00000) (1024K)]
  0x0000019f4ee55b20 JavaThread "Execution worker Thread 10"        [_thread_blocked, id=6844, stack(0x000000851ae00000,0x000000851af00000) (1024K)]
  0x0000019f4ee54e00 JavaThread "Execution worker Thread 11"        [_thread_blocked, id=16336, stack(0x000000851af00000,0x000000851b000000) (1024K)]
  0x0000019f4ee561b0 JavaThread "Cache worker for execution history cache (D:\Money_Expence_Tracker_MobileApplication\node_modules\expo-modules-autolinking\android\expo-gradle-plugin\.gradle\8.14.3\executionHistory)"        [_thread_blocked, id=12016, stack(0x000000851b000000,0x000000851b100000) (1024K)]
  0x0000019f4ee52d30 JavaThread "Cache worker for execution history cache (D:\Money_Expence_Tracker_MobileApplication\node_modules\@react-native\gradle-plugin\.gradle\8.14.3\executionHistory)"        [_thread_blocked, id=9156, stack(0x000000851b100000,0x000000851b200000) (1024K)]
  0x0000019f4ee56ed0 JavaThread "Unconstrained build operations Thread 75"        [_thread_blocked, id=3404, stack(0x000000851b200000,0x000000851b300000) (1024K)]
  0x0000019f4ee57bf0 JavaThread "Unconstrained build operations Thread 76"        [_thread_blocked, id=26932, stack(0x000000851b300000,0x000000851b400000) (1024K)]
  0x0000019f4ee57560 JavaThread "Unconstrained build operations Thread 77"        [_thread_blocked, id=27304, stack(0x000000851b400000,0x000000851b500000) (1024K)]
  0x0000019f4ee58280 JavaThread "Unconstrained build operations Thread 78"        [_thread_blocked, id=14520, stack(0x000000851b500000,0x000000851b600000) (1024K)]
  0x0000019f4ee58910 JavaThread "Unconstrained build operations Thread 79"        [_thread_blocked, id=21344, stack(0x000000851b600000,0x000000851b700000) (1024K)]
  0x0000019f4ee58fa0 JavaThread "Unconstrained build operations Thread 80"        [_thread_blocked, id=19468, stack(0x000000851b700000,0x000000851b800000) (1024K)]
  0x0000019f4ee56840 JavaThread "Unconstrained build operations Thread 81"        [_thread_blocked, id=11880, stack(0x000000851b800000,0x000000851b900000) (1024K)]
  0x0000019f4ef4f130 JavaThread "Unconstrained build operations Thread 82"        [_thread_blocked, id=24604, stack(0x000000851b900000,0x000000851ba00000) (1024K)]
  0x0000019f4ef4d6f0 JavaThread "Unconstrained build operations Thread 83"        [_thread_blocked, id=25524, stack(0x000000851ba00000,0x000000851bb00000) (1024K)]
  0x0000019f4ef4f7c0 JavaThread "Unconstrained build operations Thread 84"        [_thread_blocked, id=20200, stack(0x000000851bb00000,0x000000851bc00000) (1024K)]
  0x0000019f4ef4fe50 JavaThread "Unconstrained build operations Thread 85"        [_thread_blocked, id=10400, stack(0x000000851bc00000,0x000000851bd00000) (1024K)]
  0x0000019f4ef4e410 JavaThread "Unconstrained build operations Thread 86"        [_thread_blocked, id=24352, stack(0x000000851bd00000,0x000000851be00000) (1024K)]
  0x0000019f4ef4dd80 JavaThread "Unconstrained build operations Thread 87"        [_thread_blocked, id=21444, stack(0x000000851be00000,0x000000851bf00000) (1024K)]
  0x0000019f4ef504e0 JavaThread "Unconstrained build operations Thread 88"        [_thread_blocked, id=20268, stack(0x000000851bf00000,0x000000851c000000) (1024K)]
  0x0000019f4ef4eaa0 JavaThread "Unconstrained build operations Thread 89"        [_thread_blocked, id=17884, stack(0x000000851c000000,0x000000851c100000) (1024K)]
  0x0000019f4ef4d060 JavaThread "Unconstrained build operations Thread 90"        [_thread_blocked, id=2376, stack(0x000000851c100000,0x000000851c200000) (1024K)]
  0x0000019f4ef532d0 JavaThread "Unconstrained build operations Thread 91"        [_thread_blocked, id=9464, stack(0x000000851c200000,0x000000851c300000) (1024K)]
  0x0000019f4ef51f20 JavaThread "Unconstrained build operations Thread 92"        [_thread_blocked, id=21068, stack(0x000000851c300000,0x000000851c400000) (1024K)]
  0x0000019f4ef51200 JavaThread "Unconstrained build operations Thread 93"        [_thread_blocked, id=4540, stack(0x000000851c400000,0x000000851c500000) (1024K)]
  0x0000019f4ef50b70 JavaThread "Unconstrained build operations Thread 94"        [_thread_blocked, id=27272, stack(0x000000851c500000,0x000000851c600000) (1024K)]
  0x0000019f4ef53ff0 JavaThread "Unconstrained build operations Thread 95"        [_thread_blocked, id=25736, stack(0x000000851c600000,0x000000851c700000) (1024K)]
  0x0000019f4ef53960 JavaThread "Unconstrained build operations Thread 96"        [_thread_blocked, id=25312, stack(0x000000851c700000,0x000000851c800000) (1024K)]
  0x0000019f4ef51890 JavaThread "Unconstrained build operations Thread 97"        [_thread_blocked, id=15264, stack(0x000000851c800000,0x000000851c900000) (1024K)]
  0x0000019f4ef553a0 JavaThread "Unconstrained build operations Thread 98"        [_thread_blocked, id=27516, stack(0x000000851c900000,0x000000851ca00000) (1024K)]
  0x0000019f4ef55a30 JavaThread "Unconstrained build operations Thread 99"        [_thread_blocked, id=3980, stack(0x000000851ca00000,0x000000851cb00000) (1024K)]
  0x0000019f4ef54680 JavaThread "Unconstrained build operations Thread 100"        [_thread_blocked, id=11972, stack(0x000000851cb00000,0x000000851cc00000) (1024K)]
  0x0000019f4ef54d10 JavaThread "Unconstrained build operations Thread 101"        [_thread_blocked, id=13232, stack(0x000000851cc00000,0x000000851cd00000) (1024K)]
  0x0000019f4ef525b0 JavaThread "Unconstrained build operations Thread 102"        [_thread_blocked, id=15292, stack(0x000000851cd00000,0x000000851ce00000) (1024K)]
  0x0000019f4ef560c0 JavaThread "Unconstrained build operations Thread 103"        [_thread_blocked, id=11908, stack(0x000000851ce00000,0x000000851cf00000) (1024K)]
  0x0000019f4ef52c40 JavaThread "Unconstrained build operations Thread 104"        [_thread_blocked, id=24696, stack(0x000000851cf00000,0x000000851d000000) (1024K)]
  0x0000019f4ef58eb0 JavaThread "Unconstrained build operations Thread 105"        [_thread_blocked, id=27588, stack(0x000000851d000000,0x000000851d100000) (1024K)]
  0x0000019f4ef59bd0 JavaThread "Unconstrained build operations Thread 106"        [_thread_blocked, id=892, stack(0x000000851d100000,0x000000851d200000) (1024K)]
  0x0000019f4ef57b00 JavaThread "Unconstrained build operations Thread 107"        [_thread_blocked, id=26216, stack(0x000000851d200000,0x000000851d300000) (1024K)]
  0x0000019f4ef59540 JavaThread "Unconstrained build operations Thread 108"        [_thread_blocked, id=25716, stack(0x000000851d300000,0x000000851d400000) (1024K)]
  0x0000019f4ef58820 JavaThread "Unconstrained build operations Thread 109"        [_thread_blocked, id=432, stack(0x000000851d400000,0x000000851d500000) (1024K)]
  0x0000019f4ef56750 JavaThread "Unconstrained build operations Thread 110"        [_thread_blocked, id=15536, stack(0x000000851d500000,0x000000851d600000) (1024K)]
  0x0000019f4ef5a260 JavaThread "Unconstrained build operations Thread 111"        [_thread_blocked, id=22648, stack(0x000000851d600000,0x000000851d700000) (1024K)]
  0x0000019f4ef57470 JavaThread "Unconstrained build operations Thread 112"        [_thread_blocked, id=7956, stack(0x000000851d700000,0x000000851d800000) (1024K)]
  0x0000019f4ef56de0 JavaThread "Unconstrained build operations Thread 113"        [_thread_blocked, id=26952, stack(0x000000851d800000,0x000000851d900000) (1024K)]
  0x0000019f4ef5b610 JavaThread "Unconstrained build operations Thread 114"        [_thread_blocked, id=12984, stack(0x000000851d900000,0x000000851da00000) (1024K)]
  0x0000019f4ef5a8f0 JavaThread "Unconstrained build operations Thread 115"        [_thread_blocked, id=23700, stack(0x000000851da00000,0x000000851db00000) (1024K)]
  0x0000019f4ef5bca0 JavaThread "Unconstrained build operations Thread 116"        [_thread_blocked, id=23176, stack(0x000000851db00000,0x000000851dc00000) (1024K)]
  0x0000019f4ef5c330 JavaThread "Unconstrained build operations Thread 117"        [_thread_blocked, id=23396, stack(0x000000851dc00000,0x000000851dd00000) (1024K)]
  0x0000019f4ef5af80 JavaThread "Unconstrained build operations Thread 118"        [_thread_blocked, id=24336, stack(0x000000851dd00000,0x000000851de00000) (1024K)]
  0x0000019f4d2945a0 JavaThread "Unconstrained build operations Thread 119"        [_thread_blocked, id=12020, stack(0x000000851de00000,0x000000851df00000) (1024K)]
  0x0000019f4d293f10 JavaThread "Unconstrained build operations Thread 120"        [_thread_blocked, id=3528, stack(0x000000851df00000,0x000000851e000000) (1024K)]
  0x0000019f54859870 JavaThread "WorkerExecutor Queue"              [_thread_blocked, id=14224, stack(0x0000008518100000,0x0000008518200000) (1024K)]
  0x0000019f4d295950 JavaThread "WorkerExecutor Queue Thread 2"        [_thread_blocked, id=27372, stack(0x0000008518200000,0x0000008518300000) (1024K)]
  0x0000019f4d62f7f0 JavaThread "RMI Scheduler(0)"           daemon [_thread_blocked, id=3884, stack(0x0000008519b00000,0x0000008519c00000) (1024K)]
  0x0000019f4d2931f0 JavaThread "RMI RenewClean-[127.0.0.1:17663,org.jetbrains.kotlin.daemon.common.LoopbackNetworkInterface$ClientLoopbackSocketFactory@1f95ff02]" daemon [_thread_blocked, id=17620, stack(0x000000851a000000,0x000000851a100000) (1024K)]
  0x0000019f4d296d00 JavaThread "RMI GC Daemon"              daemon [_thread_blocked, id=26692, stack(0x000000851a100000,0x000000851a200000) (1024K)]
  0x0000019f4d630ba0 JavaThread "RMI RenewClean-[127.0.0.1:17663,org.jetbrains.kotlin.daemon.common.LoopbackNetworkInterface$ClientLoopbackSocketFactory@5636d3f]" daemon [_thread_blocked, id=9228, stack(0x000000851a200000,0x000000851a300000) (1024K)]
  0x0000019f4d62fe80 JavaThread "RMI RenewClean-[127.0.0.1:17872,org.jetbrains.kotlin.daemon.common.LoopbackNetworkInterface$ClientLoopbackSocketFactory@5904931a]" daemon [_thread_blocked, id=9472, stack(0x000000851e000000,0x000000851e100000) (1024K)]
  0x0000019f54ae7cd0 JavaThread "RMI RenewClean-[127.0.0.1:17872,org.jetbrains.kotlin.daemon.common.LoopbackNetworkInterface$ClientLoopbackSocketFactory@535350e]" daemon [_thread_blocked, id=27328, stack(0x000000851e100000,0x000000851e200000) (1024K)]
  0x0000019f3ef1cdf0 JavaThread "RMI TCP Accept-0"           daemon [_thread_in_native, id=25296, stack(0x000000851e200000,0x000000851e300000) (1024K)]
  0x0000019f4d630510 JavaThread "RMI TCP Accept-0"           daemon [_thread_in_native, id=26880, stack(0x000000851e300000,0x000000851e400000) (1024K)]
  0x0000019f3ef1db10 JavaThread "RMI Reaper"                        [_thread_blocked, id=19472, stack(0x000000851e400000,0x000000851e500000) (1024K)]
  0x0000019f3921e660 JavaThread "RMI TCP Connection(3)-127.0.0.1" daemon [_thread_in_native, id=6276, stack(0x000000851e500000,0x000000851e600000) (1024K)]
  0x0000019f4d298740 JavaThread "RMI TCP Connection(4)-127.0.0.1" daemon [_thread_in_native, id=20284, stack(0x000000851e600000,0x000000851e700000) (1024K)]
Total: 196

Other Threads:
  0x0000019f7aedeca0 VMThread "VM Thread"                           [id=21004, stack(0x0000008511900000,0x0000008511a00000) (1024K)]
  0x0000019f7aec9200 WatcherThread "VM Periodic Task Thread"        [id=23628, stack(0x0000008511800000,0x0000008511900000) (1024K)]
  0x0000019f5a2c4da0 WorkerThread "GC Thread#0"                     [id=27040, stack(0x0000008511300000,0x0000008511400000) (1024K)]
  0x0000019f393c5ea0 WorkerThread "GC Thread#1"                     [id=4912, stack(0x0000008512400000,0x0000008512500000) (1024K)]
  0x0000019f39467ae0 WorkerThread "GC Thread#2"                     [id=25656, stack(0x0000008512500000,0x0000008512600000) (1024K)]
  0x0000019f39467e90 WorkerThread "GC Thread#3"                     [id=1884, stack(0x0000008512600000,0x0000008512700000) (1024K)]
  0x0000019f39e82840 WorkerThread "GC Thread#4"                     [id=5824, stack(0x0000008512700000,0x0000008512800000) (1024K)]
  0x0000019f39e7db40 WorkerThread "GC Thread#5"                     [id=27096, stack(0x0000008512800000,0x0000008512900000) (1024K)]
  0x0000019f3ab8b2e0 WorkerThread "GC Thread#6"                     [id=26736, stack(0x0000008512900000,0x0000008512a00000) (1024K)]
  0x0000019f3a9ae5b0 WorkerThread "GC Thread#7"                     [id=22840, stack(0x0000008512a00000,0x0000008512b00000) (1024K)]
  0x0000019f3b882990 WorkerThread "GC Thread#8"                     [id=4860, stack(0x0000008513800000,0x0000008513900000) (1024K)]
  0x0000019f3b8825e0 WorkerThread "GC Thread#9"                     [id=13744, stack(0x0000008513900000,0x0000008513a00000) (1024K)]
  0x0000019f5a2d5fb0 ConcurrentGCThread "G1 Main Marker"            [id=3800, stack(0x0000008511400000,0x0000008511500000) (1024K)]
  0x0000019f5a2d83f0 WorkerThread "G1 Conc#0"                       [id=5324, stack(0x0000008511500000,0x0000008511600000) (1024K)]
  0x0000019f3bc95c20 WorkerThread "G1 Conc#1"                       [id=26324, stack(0x0000008513a00000,0x0000008513b00000) (1024K)]
  0x0000019f3bc97240 WorkerThread "G1 Conc#2"                       [id=13716, stack(0x0000008513b00000,0x0000008513c00000) (1024K)]
  0x0000019f5a31abb0 ConcurrentGCThread "G1 Refine#0"               [id=27428, stack(0x0000008511600000,0x0000008511700000) (1024K)]
  0x0000019f5a31b4e0 ConcurrentGCThread "G1 Service"                [id=15192, stack(0x0000008511700000,0x0000008511800000) (1024K)]
Total: 18

Threads with active compile tasks:
C2 CompilerThread0   223107 26221   !   4       org.gradle.cache.internal.LockOnDemandCrossProcessCacheAccess::withFileLock (24 bytes)
C1 CompilerThread0   223107 26306       3       org.gradle.internal.execution.impl.DefaultOutputSnapshotter::snapshotOutputs (25 bytes)
Total: 2

VM state: not at safepoint (normal execution)

VM Mutex/Monitor currently owned by a thread: None

Heap address: 0x0000000700000000, size: 4096 MB, Compressed Oops mode: Zero based, Oop shift amount: 3

CDS archive(s) mapped at: [0x0000019f00000000-0x0000019f00c90000-0x0000019f00c90000), size 13172736, SharedBaseAddress: 0x0000019f00000000, ArchiveRelocationMode: 1.
Compressed class space mapped at: 0x0000019f01000000-0x0000019f35000000, reserved size: 872415232
Narrow klass base: 0x0000019f00000000, Narrow klass shift: 0, Narrow klass range: 0x100000000

GC Precious Log:
 CardTable entry size: 512
 Card Set container configuration: InlinePtr #cards 4 size 8 Array Of Cards #cards 16 size 48 Howl #buckets 8 coarsen threshold 3686 Howl Bitmap #cards 512 size 80 coarsen threshold 460 Card regions per heap region 1 cards per card region 4096
 CPUs: 12 total, 12 available
 Memory: 5989M
 Large Page Support: Disabled
 NUMA Support: Disabled
 Compressed Oops: Enabled (Zero based)
 Heap Region Size: 2M
 Heap Min Capacity: 8M
 Heap Initial Capacity: 94M
 Heap Max Capacity: 4G
 Pre-touch: Disabled
 Parallel Workers: 10
 Concurrent Workers: 3
 Concurrent Refinement Workers: 10
 Periodic GC: Disabled

Heap:
 garbage-first heap   total 712704K, used 354938K [0x0000000700000000, 0x0000000800000000)
  region size 2048K, 98 young (200704K), 5 survivors (10240K)
 Metaspace       used 177226K, committed 180288K, reserved 1048576K
  class space    used 22108K, committed 23680K, reserved 851968K

Heap Regions: E=young(eden), S=young(survivor), O=old, HS=humongous(starts), HC=humongous(continues), CS=collection set, F=free, TAMS=top-at-mark-start, PB=parsable bottom
|   0|0x0000000700000000, 0x0000000700200000, 0x0000000700200000|100%|HS|  |TAMS 0x0000000700000000| PB 0x0000000700000000| Complete 
|   1|0x0000000700200000, 0x0000000700400000, 0x0000000700400000|100%|HC|  |TAMS 0x0000000700200000| PB 0x0000000700200000| Complete 
|   2|0x0000000700400000, 0x0000000700600000, 0x0000000700600000|100%| O|  |TAMS 0x0000000700400000| PB 0x0000000700400000| Untracked 
|   3|0x0000000700600000, 0x0000000700800000, 0x0000000700800000|100%| O|  |TAMS 0x0000000700600000| PB 0x0000000700600000| Untracked 
|   4|0x0000000700800000, 0x0000000700a00000, 0x0000000700a00000|100%| O|  |TAMS 0x0000000700800000| PB 0x0000000700800000| Untracked 
|   5|0x0000000700a00000, 0x0000000700c00000, 0x0000000700c00000|100%| O|  |TAMS 0x0000000700a00000| PB 0x0000000700a00000| Untracked 
|   6|0x0000000700c00000, 0x0000000700e00000, 0x0000000700e00000|100%| O|  |TAMS 0x0000000700c00000| PB 0x0000000700c00000| Untracked 
|   7|0x0000000700e00000, 0x0000000701000000, 0x0000000701000000|100%| O|  |TAMS 0x0000000700e00000| PB 0x0000000700e00000| Untracked 
|   8|0x0000000701000000, 0x0000000701200000, 0x0000000701200000|100%| O|  |TAMS 0x0000000701000000| PB 0x0000000701000000| Untracked 
|   9|0x0000000701200000, 0x0000000701400000, 0x0000000701400000|100%| O|  |TAMS 0x0000000701200000| PB 0x0000000701200000| Untracked 
|  10|0x0000000701400000, 0x0000000701600000, 0x0000000701600000|100%| O|  |TAMS 0x0000000701400000| PB 0x0000000701400000| Untracked 
|  11|0x0000000701600000, 0x0000000701800000, 0x0000000701800000|100%| O|  |TAMS 0x0000000701600000| PB 0x0000000701600000| Untracked 
|  12|0x0000000701800000, 0x0000000701a00000, 0x0000000701a00000|100%| O|  |TAMS 0x0000000701800000| PB 0x0000000701800000| Untracked 
|  13|0x0000000701a00000, 0x0000000701c00000, 0x0000000701c00000|100%| O|  |TAMS 0x0000000701a00000| PB 0x0000000701a00000| Untracked 
|  14|0x0000000701c00000, 0x0000000701e00000, 0x0000000701e00000|100%| O|  |TAMS 0x0000000701c00000| PB 0x0000000701c00000| Untracked 
|  15|0x0000000701e00000, 0x0000000702000000, 0x0000000702000000|100%| O|  |TAMS 0x0000000701e00000| PB 0x0000000701e00000| Untracked 
|  16|0x0000000702000000, 0x0000000702200000, 0x0000000702200000|100%| O|  |TAMS 0x0000000702000000| PB 0x0000000702000000| Untracked 
|  17|0x0000000702200000, 0x0000000702400000, 0x0000000702400000|100%| O|  |TAMS 0x0000000702200000| PB 0x0000000702200000| Untracked 
|  18|0x0000000702400000, 0x0000000702600000, 0x0000000702600000|100%| O|  |TAMS 0x0000000702400000| PB 0x0000000702400000| Untracked 
|  19|0x0000000702600000, 0x0000000702800000, 0x0000000702800000|100%| O|  |TAMS 0x0000000702600000| PB 0x0000000702600000| Untracked 
|  20|0x0000000702800000, 0x0000000702a00000, 0x0000000702a00000|100%| O|  |TAMS 0x0000000702800000| PB 0x0000000702800000| Untracked 
|  21|0x0000000702a00000, 0x0000000702c00000, 0x0000000702c00000|100%| O|  |TAMS 0x0000000702a00000| PB 0x0000000702a00000| Untracked 
|  22|0x0000000702c00000, 0x0000000702e00000, 0x0000000702e00000|100%| O|  |TAMS 0x0000000702c00000| PB 0x0000000702c00000| Untracked 
|  23|0x0000000702e00000, 0x0000000703000000, 0x0000000703000000|100%|HS|  |TAMS 0x0000000702e00000| PB 0x0000000702e00000| Complete 
|  24|0x0000000703000000, 0x0000000703200000, 0x0000000703200000|100%|HC|  |TAMS 0x0000000703000000| PB 0x0000000703000000| Complete 
|  25|0x0000000703200000, 0x0000000703400000, 0x0000000703400000|100%|HS|  |TAMS 0x0000000703200000| PB 0x0000000703200000| Complete 
|  26|0x0000000703400000, 0x0000000703600000, 0x0000000703600000|100%|HC|  |TAMS 0x0000000703400000| PB 0x0000000703400000| Complete 
|  27|0x0000000703600000, 0x0000000703800000, 0x0000000703800000|100%| O|  |TAMS 0x0000000703600000| PB 0x0000000703600000| Untracked 
|  28|0x0000000703800000, 0x0000000703a00000, 0x0000000703a00000|100%| O|  |TAMS 0x0000000703800000| PB 0x0000000703800000| Untracked 
|  29|0x0000000703a00000, 0x0000000703c00000, 0x0000000703c00000|100%| O|  |TAMS 0x0000000703a00000| PB 0x0000000703a00000| Untracked 
|  30|0x0000000703c00000, 0x0000000703e00000, 0x0000000703e00000|100%| O|  |TAMS 0x0000000703c00000| PB 0x0000000703c00000| Untracked 
|  31|0x0000000703e00000, 0x0000000704000000, 0x0000000704000000|100%| O|  |TAMS 0x0000000703e00000| PB 0x0000000703e00000| Untracked 
|  32|0x0000000704000000, 0x0000000704200000, 0x0000000704200000|100%| O|  |TAMS 0x0000000704000000| PB 0x0000000704000000| Untracked 
|  33|0x0000000704200000, 0x0000000704400000, 0x0000000704400000|100%| O|  |TAMS 0x0000000704200000| PB 0x0000000704200000| Untracked 
|  34|0x0000000704400000, 0x0000000704600000, 0x0000000704600000|100%| O|  |TAMS 0x0000000704400000| PB 0x0000000704400000| Untracked 
|  35|0x0000000704600000, 0x0000000704800000, 0x0000000704800000|100%| O|  |TAMS 0x0000000704600000| PB 0x0000000704600000| Untracked 
|  36|0x0000000704800000, 0x0000000704a00000, 0x0000000704a00000|100%| O|  |TAMS 0x0000000704800000| PB 0x0000000704800000| Untracked 
|  37|0x0000000704a00000, 0x0000000704c00000, 0x0000000704c00000|100%| O|  |TAMS 0x0000000704a00000| PB 0x0000000704a00000| Untracked 
|  38|0x0000000704c00000, 0x0000000704e00000, 0x0000000704e00000|100%| O|  |TAMS 0x0000000704c00000| PB 0x0000000704c00000| Untracked 
|  39|0x0000000704e00000, 0x0000000705000000, 0x0000000705000000|100%| O|  |TAMS 0x0000000704e00000| PB 0x0000000704e00000| Untracked 
|  40|0x0000000705000000, 0x0000000705200000, 0x0000000705200000|100%| O|  |TAMS 0x0000000705000000| PB 0x0000000705000000| Untracked 
|  41|0x0000000705200000, 0x0000000705400000, 0x0000000705400000|100%| O|  |TAMS 0x0000000705200000| PB 0x0000000705200000| Untracked 
|  42|0x0000000705400000, 0x0000000705600000, 0x0000000705600000|100%| O|  |TAMS 0x0000000705400000| PB 0x0000000705400000| Untracked 
|  43|0x0000000705600000, 0x0000000705600000, 0x0000000705800000|  0%| F|  |TAMS 0x0000000705600000| PB 0x0000000705600000| Untracked 
|  44|0x0000000705800000, 0x0000000705800000, 0x0000000705a00000|  0%| F|  |TAMS 0x0000000705800000| PB 0x0000000705800000| Untracked 
|  45|0x0000000705a00000, 0x0000000705c00000, 0x0000000705c00000|100%| O|  |TAMS 0x0000000705a00000| PB 0x0000000705a00000| Untracked 
|  46|0x0000000705c00000, 0x0000000705e00000, 0x0000000705e00000|100%| O|  |TAMS 0x0000000705c00000| PB 0x0000000705c00000| Untracked 
|  47|0x0000000705e00000, 0x0000000706000000, 0x0000000706000000|100%| O|  |TAMS 0x0000000705e00000| PB 0x0000000705e00000| Untracked 
|  48|0x0000000706000000, 0x0000000706200000, 0x0000000706200000|100%| O|  |TAMS 0x0000000706000000| PB 0x0000000706000000| Untracked 
|  49|0x0000000706200000, 0x0000000706400000, 0x0000000706400000|100%| O|  |TAMS 0x0000000706200000| PB 0x0000000706200000| Untracked 
|  50|0x0000000706400000, 0x0000000706600000, 0x0000000706600000|100%| O|  |TAMS 0x0000000706400000| PB 0x0000000706400000| Untracked 
|  51|0x0000000706600000, 0x0000000706800000, 0x0000000706800000|100%| O|  |TAMS 0x0000000706600000| PB 0x0000000706600000| Untracked 
|  52|0x0000000706800000, 0x0000000706a00000, 0x0000000706a00000|100%| O|  |TAMS 0x0000000706800000| PB 0x0000000706800000| Untracked 
|  53|0x0000000706a00000, 0x0000000706c00000, 0x0000000706c00000|100%| O|  |TAMS 0x0000000706a00000| PB 0x0000000706a00000| Untracked 
|  54|0x0000000706c00000, 0x0000000706c00000, 0x0000000706e00000|  0%| F|  |TAMS 0x0000000706c00000| PB 0x0000000706c00000| Untracked 
|  55|0x0000000706e00000, 0x0000000707000000, 0x0000000707000000|100%| O|  |TAMS 0x0000000706e00000| PB 0x0000000706e00000| Untracked 
|  56|0x0000000707000000, 0x0000000707200000, 0x0000000707200000|100%| O|  |TAMS 0x0000000707000000| PB 0x0000000707000000| Untracked 
|  57|0x0000000707200000, 0x0000000707200000, 0x0000000707400000|  0%| F|  |TAMS 0x0000000707200000| PB 0x0000000707200000| Untracked 
|  58|0x0000000707400000, 0x0000000707400000, 0x0000000707600000|  0%| F|  |TAMS 0x0000000707400000| PB 0x0000000707400000| Untracked 
|  59|0x0000000707600000, 0x0000000707800000, 0x0000000707800000|100%| O|  |TAMS 0x0000000707600000| PB 0x0000000707600000| Untracked 
|  60|0x0000000707800000, 0x000000070795f558, 0x0000000707a00000| 68%| O|  |TAMS 0x0000000707800000| PB 0x0000000707800000| Untracked 
|  61|0x0000000707a00000, 0x0000000707c00000, 0x0000000707c00000|100%| O|  |TAMS 0x0000000707a00000| PB 0x0000000707a00000| Untracked 
|  62|0x0000000707c00000, 0x0000000707e00000, 0x0000000707e00000|100%| O|  |TAMS 0x0000000707c00000| PB 0x0000000707c00000| Untracked 
|  63|0x0000000707e00000, 0x0000000708000000, 0x0000000708000000|100%| O|  |TAMS 0x0000000707e00000| PB 0x0000000707e00000| Untracked 
|  64|0x0000000708000000, 0x0000000708200000, 0x0000000708200000|100%|HS|  |TAMS 0x0000000708000000| PB 0x0000000708000000| Complete 
|  65|0x0000000708200000, 0x0000000708400000, 0x0000000708400000|100%|HC|  |TAMS 0x0000000708200000| PB 0x0000000708200000| Complete 
|  66|0x0000000708400000, 0x0000000708600000, 0x0000000708600000|100%|HC|  |TAMS 0x0000000708400000| PB 0x0000000708400000| Complete 
|  67|0x0000000708600000, 0x0000000708800000, 0x0000000708800000|100%| O|  |TAMS 0x0000000708600000| PB 0x0000000708600000| Untracked 
|  68|0x0000000708800000, 0x0000000708a00000, 0x0000000708a00000|100%| O|  |TAMS 0x0000000708800000| PB 0x0000000708800000| Untracked 
|  69|0x0000000708a00000, 0x0000000708a00000, 0x0000000708c00000|  0%| F|  |TAMS 0x0000000708a00000| PB 0x0000000708a00000| Untracked 
|  70|0x0000000708c00000, 0x0000000708c00000, 0x0000000708e00000|  0%| F|  |TAMS 0x0000000708c00000| PB 0x0000000708c00000| Untracked 
|  71|0x0000000708e00000, 0x0000000708e00000, 0x0000000709000000|  0%| F|  |TAMS 0x0000000708e00000| PB 0x0000000708e00000| Untracked 
|  72|0x0000000709000000, 0x0000000709000000, 0x0000000709200000|  0%| F|  |TAMS 0x0000000709000000| PB 0x0000000709000000| Untracked 
|  73|0x0000000709200000, 0x0000000709200000, 0x0000000709400000|  0%| F|  |TAMS 0x0000000709200000| PB 0x0000000709200000| Untracked 
|  74|0x0000000709400000, 0x0000000709400000, 0x0000000709600000|  0%| F|  |TAMS 0x0000000709400000| PB 0x0000000709400000| Untracked 
|  75|0x0000000709600000, 0x0000000709600000, 0x0000000709800000|  0%| F|  |TAMS 0x0000000709600000| PB 0x0000000709600000| Untracked 
|  76|0x0000000709800000, 0x0000000709800000, 0x0000000709a00000|  0%| F|  |TAMS 0x0000000709800000| PB 0x0000000709800000| Untracked 
|  77|0x0000000709a00000, 0x0000000709c00000, 0x0000000709c00000|100%| O|  |TAMS 0x0000000709a00000| PB 0x0000000709a00000| Untracked 
|  78|0x0000000709c00000, 0x0000000709e00000, 0x0000000709e00000|100%| O|  |TAMS 0x0000000709c00000| PB 0x0000000709c00000| Untracked 
|  79|0x0000000709e00000, 0x000000070a000000, 0x000000070a000000|100%| O|  |TAMS 0x0000000709e00000| PB 0x0000000709e00000| Untracked 
|  80|0x000000070a000000, 0x000000070a200000, 0x000000070a200000|100%| O|  |TAMS 0x000000070a000000| PB 0x000000070a000000| Untracked 
|  81|0x000000070a200000, 0x000000070a400000, 0x000000070a400000|100%| O|  |TAMS 0x000000070a200000| PB 0x000000070a200000| Untracked 
|  82|0x000000070a400000, 0x000000070a600000, 0x000000070a600000|100%| O|  |TAMS 0x000000070a400000| PB 0x000000070a400000| Untracked 
|  83|0x000000070a600000, 0x000000070a800000, 0x000000070a800000|100%| O|  |TAMS 0x000000070a600000| PB 0x000000070a600000| Untracked 
|  84|0x000000070a800000, 0x000000070a800000, 0x000000070aa00000|  0%| F|  |TAMS 0x000000070a800000| PB 0x000000070a800000| Untracked 
|  85|0x000000070aa00000, 0x000000070aa00000, 0x000000070ac00000|  0%| F|  |TAMS 0x000000070aa00000| PB 0x000000070aa00000| Untracked 
|  86|0x000000070ac00000, 0x000000070ac00000, 0x000000070ae00000|  0%| F|  |TAMS 0x000000070ac00000| PB 0x000000070ac00000| Untracked 
|  87|0x000000070ae00000, 0x000000070ae00000, 0x000000070b000000|  0%| F|  |TAMS 0x000000070ae00000| PB 0x000000070ae00000| Untracked 
|  88|0x000000070b000000, 0x000000070b000000, 0x000000070b200000|  0%| F|  |TAMS 0x000000070b000000| PB 0x000000070b000000| Untracked 
|  89|0x000000070b200000, 0x000000070b200000, 0x000000070b400000|  0%| F|  |TAMS 0x000000070b200000| PB 0x000000070b200000| Untracked 
|  90|0x000000070b400000, 0x000000070b600000, 0x000000070b600000|100%|HS|  |TAMS 0x000000070b400000| PB 0x000000070b400000| Complete 
|  91|0x000000070b600000, 0x000000070b800000, 0x000000070b800000|100%|HC|  |TAMS 0x000000070b600000| PB 0x000000070b600000| Complete 
|  92|0x000000070b800000, 0x000000070b800000, 0x000000070ba00000|  0%| F|  |TAMS 0x000000070b800000| PB 0x000000070b800000| Untracked 
|  93|0x000000070ba00000, 0x000000070ba00000, 0x000000070bc00000|  0%| F|  |TAMS 0x000000070ba00000| PB 0x000000070ba00000| Untracked 
|  94|0x000000070bc00000, 0x000000070bc00000, 0x000000070be00000|  0%| F|  |TAMS 0x000000070bc00000| PB 0x000000070bc00000| Untracked 
|  95|0x000000070be00000, 0x000000070be00000, 0x000000070c000000|  0%| F|  |TAMS 0x000000070be00000| PB 0x000000070be00000| Untracked 
|  96|0x000000070c000000, 0x000000070c000000, 0x000000070c200000|  0%| F|  |TAMS 0x000000070c000000| PB 0x000000070c000000| Untracked 
|  97|0x000000070c200000, 0x000000070c200000, 0x000000070c400000|  0%| F|  |TAMS 0x000000070c200000| PB 0x000000070c200000| Untracked 
|  98|0x000000070c400000, 0x000000070c400000, 0x000000070c600000|  0%| F|  |TAMS 0x000000070c400000| PB 0x000000070c400000| Untracked 
|  99|0x000000070c600000, 0x000000070c600000, 0x000000070c800000|  0%| F|  |TAMS 0x000000070c600000| PB 0x000000070c600000| Untracked 
| 100|0x000000070c800000, 0x000000070c800000, 0x000000070ca00000|  0%| F|  |TAMS 0x000000070c800000| PB 0x000000070c800000| Untracked 
| 101|0x000000070ca00000, 0x000000070ca00000, 0x000000070cc00000|  0%| F|  |TAMS 0x000000070ca00000| PB 0x000000070ca00000| Untracked 
| 102|0x000000070cc00000, 0x000000070cc00000, 0x000000070ce00000|  0%| F|  |TAMS 0x000000070cc00000| PB 0x000000070cc00000| Untracked 
| 103|0x000000070ce00000, 0x000000070ce00000, 0x000000070d000000|  0%| F|  |TAMS 0x000000070ce00000| PB 0x000000070ce00000| Untracked 
| 104|0x000000070d000000, 0x000000070d000000, 0x000000070d200000|  0%| F|  |TAMS 0x000000070d000000| PB 0x000000070d000000| Untracked 
| 105|0x000000070d200000, 0x000000070d200000, 0x000000070d400000|  0%| F|  |TAMS 0x000000070d200000| PB 0x000000070d200000| Untracked 
| 106|0x000000070d400000, 0x000000070d400000, 0x000000070d600000|  0%| F|  |TAMS 0x000000070d400000| PB 0x000000070d400000| Untracked 
| 107|0x000000070d600000, 0x000000070d600000, 0x000000070d800000|  0%| F|  |TAMS 0x000000070d600000| PB 0x000000070d600000| Untracked 
| 108|0x000000070d800000, 0x000000070d800000, 0x000000070da00000|  0%| F|  |TAMS 0x000000070d800000| PB 0x000000070d800000| Untracked 
| 109|0x000000070da00000, 0x000000070da00000, 0x000000070dc00000|  0%| F|  |TAMS 0x000000070da00000| PB 0x000000070da00000| Untracked 
| 110|0x000000070dc00000, 0x000000070dc00000, 0x000000070de00000|  0%| F|  |TAMS 0x000000070dc00000| PB 0x000000070dc00000| Untracked 
| 111|0x000000070de00000, 0x000000070de00000, 0x000000070e000000|  0%| F|  |TAMS 0x000000070de00000| PB 0x000000070de00000| Untracked 
| 112|0x000000070e000000, 0x000000070e000000, 0x000000070e200000|  0%| F|  |TAMS 0x000000070e000000| PB 0x000000070e000000| Untracked 
| 113|0x000000070e200000, 0x000000070e200000, 0x000000070e400000|  0%| F|  |TAMS 0x000000070e200000| PB 0x000000070e200000| Untracked 
| 114|0x000000070e400000, 0x000000070e400000, 0x000000070e600000|  0%| F|  |TAMS 0x000000070e400000| PB 0x000000070e400000| Untracked 
| 115|0x000000070e600000, 0x000000070e600000, 0x000000070e800000|  0%| F|  |TAMS 0x000000070e600000| PB 0x000000070e600000| Untracked 
| 116|0x000000070e800000, 0x000000070e800000, 0x000000070ea00000|  0%| F|  |TAMS 0x000000070e800000| PB 0x000000070e800000| Untracked 
| 117|0x000000070ea00000, 0x000000070ea00000, 0x000000070ec00000|  0%| F|  |TAMS 0x000000070ea00000| PB 0x000000070ea00000| Untracked 
| 118|0x000000070ec00000, 0x000000070ec00000, 0x000000070ee00000|  0%| F|  |TAMS 0x000000070ec00000| PB 0x000000070ec00000| Untracked 
| 119|0x000000070ee00000, 0x000000070ee00000, 0x000000070f000000|  0%| F|  |TAMS 0x000000070ee00000| PB 0x000000070ee00000| Untracked 
| 120|0x000000070f000000, 0x000000070f000000, 0x000000070f200000|  0%| F|  |TAMS 0x000000070f000000| PB 0x000000070f000000| Untracked 
| 121|0x000000070f200000, 0x000000070f200000, 0x000000070f400000|  0%| F|  |TAMS 0x000000070f200000| PB 0x000000070f200000| Untracked 
| 122|0x000000070f400000, 0x000000070f400000, 0x000000070f600000|  0%| F|  |TAMS 0x000000070f400000| PB 0x000000070f400000| Untracked 
| 123|0x000000070f600000, 0x000000070f600000, 0x000000070f800000|  0%| F|  |TAMS 0x000000070f600000| PB 0x000000070f600000| Untracked 
| 124|0x000000070f800000, 0x000000070f800000, 0x000000070fa00000|  0%| F|  |TAMS 0x000000070f800000| PB 0x000000070f800000| Untracked 
| 125|0x000000070fa00000, 0x000000070fa00000, 0x000000070fc00000|  0%| F|  |TAMS 0x000000070fa00000| PB 0x000000070fa00000| Untracked 
| 126|0x000000070fc00000, 0x000000070fc00000, 0x000000070fe00000|  0%| F|  |TAMS 0x000000070fc00000| PB 0x000000070fc00000| Untracked 
| 127|0x000000070fe00000, 0x000000070fe00000, 0x0000000710000000|  0%| F|  |TAMS 0x000000070fe00000| PB 0x000000070fe00000| Untracked 
| 128|0x0000000710000000, 0x0000000710000000, 0x0000000710200000|  0%| F|  |TAMS 0x0000000710000000| PB 0x0000000710000000| Untracked 
| 129|0x0000000710200000, 0x0000000710200000, 0x0000000710400000|  0%| F|  |TAMS 0x0000000710200000| PB 0x0000000710200000| Untracked 
| 130|0x0000000710400000, 0x0000000710400000, 0x0000000710600000|  0%| F|  |TAMS 0x0000000710400000| PB 0x0000000710400000| Untracked 
| 131|0x0000000710600000, 0x0000000710600000, 0x0000000710800000|  0%| F|  |TAMS 0x0000000710600000| PB 0x0000000710600000| Untracked 
| 132|0x0000000710800000, 0x0000000710800000, 0x0000000710a00000|  0%| F|  |TAMS 0x0000000710800000| PB 0x0000000710800000| Untracked 
| 133|0x0000000710a00000, 0x0000000710a00000, 0x0000000710c00000|  0%| F|  |TAMS 0x0000000710a00000| PB 0x0000000710a00000| Untracked 
| 134|0x0000000710c00000, 0x0000000710c00000, 0x0000000710e00000|  0%| F|  |TAMS 0x0000000710c00000| PB 0x0000000710c00000| Untracked 
| 135|0x0000000710e00000, 0x0000000710e00000, 0x0000000711000000|  0%| F|  |TAMS 0x0000000710e00000| PB 0x0000000710e00000| Untracked 
| 136|0x0000000711000000, 0x0000000711000000, 0x0000000711200000|  0%| F|  |TAMS 0x0000000711000000| PB 0x0000000711000000| Untracked 
| 137|0x0000000711200000, 0x0000000711200000, 0x0000000711400000|  0%| F|  |TAMS 0x0000000711200000| PB 0x0000000711200000| Untracked 
| 138|0x0000000711400000, 0x000000071153f440, 0x0000000711600000| 62%| S|CS|TAMS 0x0000000711400000| PB 0x0000000711400000| Complete 
| 139|0x0000000711600000, 0x0000000711800000, 0x0000000711800000|100%| S|CS|TAMS 0x0000000711600000| PB 0x0000000711600000| Complete 
| 140|0x0000000711800000, 0x0000000711a00000, 0x0000000711a00000|100%| S|CS|TAMS 0x0000000711800000| PB 0x0000000711800000| Complete 
| 141|0x0000000711a00000, 0x0000000711c00000, 0x0000000711c00000|100%| S|CS|TAMS 0x0000000711a00000| PB 0x0000000711a00000| Complete 
| 142|0x0000000711c00000, 0x0000000711e00000, 0x0000000711e00000|100%| S|CS|TAMS 0x0000000711c00000| PB 0x0000000711c00000| Complete 
| 143|0x0000000711e00000, 0x0000000711e00000, 0x0000000712000000|  0%| F|  |TAMS 0x0000000711e00000| PB 0x0000000711e00000| Untracked 
| 144|0x0000000712000000, 0x0000000712000000, 0x0000000712200000|  0%| F|  |TAMS 0x0000000712000000| PB 0x0000000712000000| Untracked 
| 145|0x0000000712200000, 0x0000000712200000, 0x0000000712400000|  0%| F|  |TAMS 0x0000000712200000| PB 0x0000000712200000| Untracked 
| 146|0x0000000712400000, 0x0000000712400000, 0x0000000712600000|  0%| F|  |TAMS 0x0000000712400000| PB 0x0000000712400000| Untracked 
| 147|0x0000000712600000, 0x0000000712600000, 0x0000000712800000|  0%| F|  |TAMS 0x0000000712600000| PB 0x0000000712600000| Untracked 
| 148|0x0000000712800000, 0x0000000712800000, 0x0000000712a00000|  0%| F|  |TAMS 0x0000000712800000| PB 0x0000000712800000| Untracked 
| 149|0x0000000712a00000, 0x0000000712a00000, 0x0000000712c00000|  0%| F|  |TAMS 0x0000000712a00000| PB 0x0000000712a00000| Untracked 
| 150|0x0000000712c00000, 0x0000000712c00000, 0x0000000712e00000|  0%| F|  |TAMS 0x0000000712c00000| PB 0x0000000712c00000| Untracked 
| 151|0x0000000712e00000, 0x0000000712e00000, 0x0000000713000000|  0%| F|  |TAMS 0x0000000712e00000| PB 0x0000000712e00000| Untracked 
| 152|0x0000000713000000, 0x0000000713000000, 0x0000000713200000|  0%| F|  |TAMS 0x0000000713000000| PB 0x0000000713000000| Untracked 
| 153|0x0000000713200000, 0x0000000713200000, 0x0000000713400000|  0%| F|  |TAMS 0x0000000713200000| PB 0x0000000713200000| Untracked 
| 154|0x0000000713400000, 0x0000000713400000, 0x0000000713600000|  0%| F|  |TAMS 0x0000000713400000| PB 0x0000000713400000| Untracked 
| 155|0x0000000713600000, 0x0000000713600000, 0x0000000713800000|  0%| F|  |TAMS 0x0000000713600000| PB 0x0000000713600000| Untracked 
| 156|0x0000000713800000, 0x0000000713800000, 0x0000000713a00000|  0%| F|  |TAMS 0x0000000713800000| PB 0x0000000713800000| Untracked 
| 157|0x0000000713a00000, 0x0000000713a00000, 0x0000000713c00000|  0%| F|  |TAMS 0x0000000713a00000| PB 0x0000000713a00000| Untracked 
| 158|0x0000000713c00000, 0x0000000713c00000, 0x0000000713e00000|  0%| F|  |TAMS 0x0000000713c00000| PB 0x0000000713c00000| Untracked 
| 159|0x0000000713e00000, 0x0000000713e00000, 0x0000000714000000|  0%| F|  |TAMS 0x0000000713e00000| PB 0x0000000713e00000| Untracked 
| 160|0x0000000714000000, 0x0000000714000000, 0x0000000714200000|  0%| F|  |TAMS 0x0000000714000000| PB 0x0000000714000000| Untracked 
| 161|0x0000000714200000, 0x0000000714200000, 0x0000000714400000|  0%| F|  |TAMS 0x0000000714200000| PB 0x0000000714200000| Untracked 
| 162|0x0000000714400000, 0x0000000714400000, 0x0000000714600000|  0%| F|  |TAMS 0x0000000714400000| PB 0x0000000714400000| Untracked 
| 163|0x0000000714600000, 0x0000000714600000, 0x0000000714800000|  0%| F|  |TAMS 0x0000000714600000| PB 0x0000000714600000| Untracked 
| 164|0x0000000714800000, 0x0000000714800000, 0x0000000714a00000|  0%| F|  |TAMS 0x0000000714800000| PB 0x0000000714800000| Untracked 
| 165|0x0000000714a00000, 0x0000000714a00000, 0x0000000714c00000|  0%| F|  |TAMS 0x0000000714a00000| PB 0x0000000714a00000| Untracked 
| 166|0x0000000714c00000, 0x0000000714c00000, 0x0000000714e00000|  0%| F|  |TAMS 0x0000000714c00000| PB 0x0000000714c00000| Untracked 
| 167|0x0000000714e00000, 0x0000000714e00000, 0x0000000715000000|  0%| F|  |TAMS 0x0000000714e00000| PB 0x0000000714e00000| Untracked 
| 168|0x0000000715000000, 0x0000000715000000, 0x0000000715200000|  0%| F|  |TAMS 0x0000000715000000| PB 0x0000000715000000| Untracked 
| 169|0x0000000715200000, 0x0000000715200000, 0x0000000715400000|  0%| F|  |TAMS 0x0000000715200000| PB 0x0000000715200000| Untracked 
| 170|0x0000000715400000, 0x0000000715400000, 0x0000000715600000|  0%| F|  |TAMS 0x0000000715400000| PB 0x0000000715400000| Untracked 
| 171|0x0000000715600000, 0x0000000715600000, 0x0000000715800000|  0%| F|  |TAMS 0x0000000715600000| PB 0x0000000715600000| Untracked 
| 172|0x0000000715800000, 0x0000000715800000, 0x0000000715a00000|  0%| F|  |TAMS 0x0000000715800000| PB 0x0000000715800000| Untracked 
| 173|0x0000000715a00000, 0x0000000715a00000, 0x0000000715c00000|  0%| F|  |TAMS 0x0000000715a00000| PB 0x0000000715a00000| Untracked 
| 174|0x0000000715c00000, 0x0000000715c00000, 0x0000000715e00000|  0%| F|  |TAMS 0x0000000715c00000| PB 0x0000000715c00000| Untracked 
| 175|0x0000000715e00000, 0x0000000715e00000, 0x0000000716000000|  0%| F|  |TAMS 0x0000000715e00000| PB 0x0000000715e00000| Untracked 
| 176|0x0000000716000000, 0x0000000716000000, 0x0000000716200000|  0%| F|  |TAMS 0x0000000716000000| PB 0x0000000716000000| Untracked 
| 177|0x0000000716200000, 0x0000000716200000, 0x0000000716400000|  0%| F|  |TAMS 0x0000000716200000| PB 0x0000000716200000| Untracked 
| 178|0x0000000716400000, 0x0000000716400000, 0x0000000716600000|  0%| F|  |TAMS 0x0000000716400000| PB 0x0000000716400000| Untracked 
| 179|0x0000000716600000, 0x0000000716600000, 0x0000000716800000|  0%| F|  |TAMS 0x0000000716600000| PB 0x0000000716600000| Untracked 
| 180|0x0000000716800000, 0x0000000716800000, 0x0000000716a00000|  0%| F|  |TAMS 0x0000000716800000| PB 0x0000000716800000| Untracked 
| 181|0x0000000716a00000, 0x0000000716a00000, 0x0000000716c00000|  0%| F|  |TAMS 0x0000000716a00000| PB 0x0000000716a00000| Untracked 
| 182|0x0000000716c00000, 0x0000000716c00000, 0x0000000716e00000|  0%| F|  |TAMS 0x0000000716c00000| PB 0x0000000716c00000| Untracked 
| 183|0x0000000716e00000, 0x0000000716e00000, 0x0000000717000000|  0%| F|  |TAMS 0x0000000716e00000| PB 0x0000000716e00000| Untracked 
| 184|0x0000000717000000, 0x0000000717000000, 0x0000000717200000|  0%| F|  |TAMS 0x0000000717000000| PB 0x0000000717000000| Untracked 
| 185|0x0000000717200000, 0x0000000717200000, 0x0000000717400000|  0%| F|  |TAMS 0x0000000717200000| PB 0x0000000717200000| Untracked 
| 186|0x0000000717400000, 0x0000000717400000, 0x0000000717600000|  0%| F|  |TAMS 0x0000000717400000| PB 0x0000000717400000| Untracked 
| 187|0x0000000717600000, 0x0000000717600000, 0x0000000717800000|  0%| F|  |TAMS 0x0000000717600000| PB 0x0000000717600000| Untracked 
| 188|0x0000000717800000, 0x0000000717800000, 0x0000000717a00000|  0%| F|  |TAMS 0x0000000717800000| PB 0x0000000717800000| Untracked 
| 189|0x0000000717a00000, 0x0000000717a00000, 0x0000000717c00000|  0%| F|  |TAMS 0x0000000717a00000| PB 0x0000000717a00000| Untracked 
| 190|0x0000000717c00000, 0x0000000717c00000, 0x0000000717e00000|  0%| F|  |TAMS 0x0000000717c00000| PB 0x0000000717c00000| Untracked 
| 191|0x0000000717e00000, 0x0000000717e00000, 0x0000000718000000|  0%| F|  |TAMS 0x0000000717e00000| PB 0x0000000717e00000| Untracked 
| 192|0x0000000718000000, 0x0000000718000000, 0x0000000718200000|  0%| F|  |TAMS 0x0000000718000000| PB 0x0000000718000000| Untracked 
| 193|0x0000000718200000, 0x0000000718200000, 0x0000000718400000|  0%| F|  |TAMS 0x0000000718200000| PB 0x0000000718200000| Untracked 
| 194|0x0000000718400000, 0x0000000718400000, 0x0000000718600000|  0%| F|  |TAMS 0x0000000718400000| PB 0x0000000718400000| Untracked 
| 195|0x0000000718600000, 0x0000000718600000, 0x0000000718800000|  0%| F|  |TAMS 0x0000000718600000| PB 0x0000000718600000| Untracked 
| 196|0x0000000718800000, 0x0000000718800000, 0x0000000718a00000|  0%| F|  |TAMS 0x0000000718800000| PB 0x0000000718800000| Untracked 
| 197|0x0000000718a00000, 0x0000000718a00000, 0x0000000718c00000|  0%| F|  |TAMS 0x0000000718a00000| PB 0x0000000718a00000| Untracked 
| 198|0x0000000718c00000, 0x0000000718c00000, 0x0000000718e00000|  0%| F|  |TAMS 0x0000000718c00000| PB 0x0000000718c00000| Untracked 
| 199|0x0000000718e00000, 0x0000000718e00000, 0x0000000719000000|  0%| F|  |TAMS 0x0000000718e00000| PB 0x0000000718e00000| Untracked 
| 200|0x0000000719000000, 0x0000000719000000, 0x0000000719200000|  0%| F|  |TAMS 0x0000000719000000| PB 0x0000000719000000| Untracked 
| 201|0x0000000719200000, 0x0000000719200000, 0x0000000719400000|  0%| F|  |TAMS 0x0000000719200000| PB 0x0000000719200000| Untracked 
| 202|0x0000000719400000, 0x0000000719400000, 0x0000000719600000|  0%| F|  |TAMS 0x0000000719400000| PB 0x0000000719400000| Untracked 
| 203|0x0000000719600000, 0x0000000719600000, 0x0000000719800000|  0%| F|  |TAMS 0x0000000719600000| PB 0x0000000719600000| Untracked 
| 204|0x0000000719800000, 0x0000000719800000, 0x0000000719a00000|  0%| F|  |TAMS 0x0000000719800000| PB 0x0000000719800000| Untracked 
| 205|0x0000000719a00000, 0x0000000719a00000, 0x0000000719c00000|  0%| F|  |TAMS 0x0000000719a00000| PB 0x0000000719a00000| Untracked 
| 206|0x0000000719c00000, 0x0000000719c00000, 0x0000000719e00000|  0%| F|  |TAMS 0x0000000719c00000| PB 0x0000000719c00000| Untracked 
| 207|0x0000000719e00000, 0x0000000719e00000, 0x000000071a000000|  0%| F|  |TAMS 0x0000000719e00000| PB 0x0000000719e00000| Untracked 
| 208|0x000000071a000000, 0x000000071a000000, 0x000000071a200000|  0%| F|  |TAMS 0x000000071a000000| PB 0x000000071a000000| Untracked 
| 209|0x000000071a200000, 0x000000071a200000, 0x000000071a400000|  0%| F|  |TAMS 0x000000071a200000| PB 0x000000071a200000| Untracked 
| 210|0x000000071a400000, 0x000000071a400000, 0x000000071a600000|  0%| F|  |TAMS 0x000000071a400000| PB 0x000000071a400000| Untracked 
| 211|0x000000071a600000, 0x000000071a600000, 0x000000071a800000|  0%| F|  |TAMS 0x000000071a600000| PB 0x000000071a600000| Untracked 
| 212|0x000000071a800000, 0x000000071a800000, 0x000000071aa00000|  0%| F|  |TAMS 0x000000071a800000| PB 0x000000071a800000| Untracked 
| 213|0x000000071aa00000, 0x000000071aa00000, 0x000000071ac00000|  0%| F|  |TAMS 0x000000071aa00000| PB 0x000000071aa00000| Untracked 
| 214|0x000000071ac00000, 0x000000071ac00000, 0x000000071ae00000|  0%| F|  |TAMS 0x000000071ac00000| PB 0x000000071ac00000| Untracked 
| 215|0x000000071ae00000, 0x000000071ae00000, 0x000000071b000000|  0%| F|  |TAMS 0x000000071ae00000| PB 0x000000071ae00000| Untracked 
| 216|0x000000071b000000, 0x000000071b000000, 0x000000071b200000|  0%| F|  |TAMS 0x000000071b000000| PB 0x000000071b000000| Untracked 
| 217|0x000000071b200000, 0x000000071b200000, 0x000000071b400000|  0%| F|  |TAMS 0x000000071b200000| PB 0x000000071b200000| Untracked 
| 218|0x000000071b400000, 0x000000071b400000, 0x000000071b600000|  0%| F|  |TAMS 0x000000071b400000| PB 0x000000071b400000| Untracked 
| 219|0x000000071b600000, 0x000000071b600000, 0x000000071b800000|  0%| F|  |TAMS 0x000000071b600000| PB 0x000000071b600000| Untracked 
| 220|0x000000071b800000, 0x000000071b800000, 0x000000071ba00000|  0%| F|  |TAMS 0x000000071b800000| PB 0x000000071b800000| Untracked 
| 221|0x000000071ba00000, 0x000000071ba00000, 0x000000071bc00000|  0%| F|  |TAMS 0x000000071ba00000| PB 0x000000071ba00000| Untracked 
| 222|0x000000071bc00000, 0x000000071bc00000, 0x000000071be00000|  0%| F|  |TAMS 0x000000071bc00000| PB 0x000000071bc00000| Untracked 
| 223|0x000000071be00000, 0x000000071be00000, 0x000000071c000000|  0%| F|  |TAMS 0x000000071be00000| PB 0x000000071be00000| Untracked 
| 224|0x000000071c000000, 0x000000071c000000, 0x000000071c200000|  0%| F|  |TAMS 0x000000071c000000| PB 0x000000071c000000| Untracked 
| 225|0x000000071c200000, 0x000000071c200000, 0x000000071c400000|  0%| F|  |TAMS 0x000000071c200000| PB 0x000000071c200000| Untracked 
| 226|0x000000071c400000, 0x000000071c400000, 0x000000071c600000|  0%| F|  |TAMS 0x000000071c400000| PB 0x000000071c400000| Untracked 
| 227|0x000000071c600000, 0x000000071c600000, 0x000000071c800000|  0%| F|  |TAMS 0x000000071c600000| PB 0x000000071c600000| Untracked 
| 228|0x000000071c800000, 0x000000071c800000, 0x000000071ca00000|  0%| F|  |TAMS 0x000000071c800000| PB 0x000000071c800000| Untracked 
| 229|0x000000071ca00000, 0x000000071ca00000, 0x000000071cc00000|  0%| F|  |TAMS 0x000000071ca00000| PB 0x000000071ca00000| Untracked 
| 230|0x000000071cc00000, 0x000000071cc00000, 0x000000071ce00000|  0%| F|  |TAMS 0x000000071cc00000| PB 0x000000071cc00000| Untracked 
| 231|0x000000071ce00000, 0x000000071ce00000, 0x000000071d000000|  0%| F|  |TAMS 0x000000071ce00000| PB 0x000000071ce00000| Untracked 
| 232|0x000000071d000000, 0x000000071d000000, 0x000000071d200000|  0%| F|  |TAMS 0x000000071d000000| PB 0x000000071d000000| Untracked 
| 233|0x000000071d200000, 0x000000071d200000, 0x000000071d400000|  0%| F|  |TAMS 0x000000071d200000| PB 0x000000071d200000| Untracked 
| 234|0x000000071d400000, 0x000000071d400000, 0x000000071d600000|  0%| F|  |TAMS 0x000000071d400000| PB 0x000000071d400000| Untracked 
| 235|0x000000071d600000, 0x000000071d600000, 0x000000071d800000|  0%| F|  |TAMS 0x000000071d600000| PB 0x000000071d600000| Untracked 
| 236|0x000000071d800000, 0x000000071d800000, 0x000000071da00000|  0%| F|  |TAMS 0x000000071d800000| PB 0x000000071d800000| Untracked 
| 237|0x000000071da00000, 0x000000071da00000, 0x000000071dc00000|  0%| F|  |TAMS 0x000000071da00000| PB 0x000000071da00000| Untracked 
| 238|0x000000071dc00000, 0x000000071dc00000, 0x000000071de00000|  0%| F|  |TAMS 0x000000071dc00000| PB 0x000000071dc00000| Untracked 
| 239|0x000000071de00000, 0x000000071de00000, 0x000000071e000000|  0%| F|  |TAMS 0x000000071de00000| PB 0x000000071de00000| Untracked 
| 240|0x000000071e000000, 0x000000071e000000, 0x000000071e200000|  0%| F|  |TAMS 0x000000071e000000| PB 0x000000071e000000| Untracked 
| 241|0x000000071e200000, 0x000000071e200000, 0x000000071e400000|  0%| F|  |TAMS 0x000000071e200000| PB 0x000000071e200000| Untracked 
| 242|0x000000071e400000, 0x000000071e400000, 0x000000071e600000|  0%| F|  |TAMS 0x000000071e400000| PB 0x000000071e400000| Untracked 
| 243|0x000000071e600000, 0x000000071e600000, 0x000000071e800000|  0%| F|  |TAMS 0x000000071e600000| PB 0x000000071e600000| Untracked 
| 244|0x000000071e800000, 0x000000071e800000, 0x000000071ea00000|  0%| F|  |TAMS 0x000000071e800000| PB 0x000000071e800000| Untracked 
| 245|0x000000071ea00000, 0x000000071ea00000, 0x000000071ec00000|  0%| F|  |TAMS 0x000000071ea00000| PB 0x000000071ea00000| Untracked 
| 246|0x000000071ec00000, 0x000000071ec00000, 0x000000071ee00000|  0%| F|  |TAMS 0x000000071ec00000| PB 0x000000071ec00000| Untracked 
| 247|0x000000071ee00000, 0x000000071ee00000, 0x000000071f000000|  0%| F|  |TAMS 0x000000071ee00000| PB 0x000000071ee00000| Untracked 
| 248|0x000000071f000000, 0x000000071f000000, 0x000000071f200000|  0%| F|  |TAMS 0x000000071f000000| PB 0x000000071f000000| Untracked 
| 249|0x000000071f200000, 0x000000071f200000, 0x000000071f400000|  0%| F|  |TAMS 0x000000071f200000| PB 0x000000071f200000| Untracked 
| 250|0x000000071f400000, 0x000000071f574178, 0x000000071f600000| 72%| E|  |TAMS 0x000000071f400000| PB 0x000000071f400000| Complete 
| 251|0x000000071f600000, 0x000000071f800000, 0x000000071f800000|100%| E|CS|TAMS 0x000000071f600000| PB 0x000000071f600000| Complete 
| 252|0x000000071f800000, 0x000000071fa00000, 0x000000071fa00000|100%| E|CS|TAMS 0x000000071f800000| PB 0x000000071f800000| Complete 
| 253|0x000000071fa00000, 0x000000071fc00000, 0x000000071fc00000|100%| E|CS|TAMS 0x000000071fa00000| PB 0x000000071fa00000| Complete 
| 254|0x000000071fc00000, 0x000000071fe00000, 0x000000071fe00000|100%| E|CS|TAMS 0x000000071fc00000| PB 0x000000071fc00000| Complete 
| 255|0x000000071fe00000, 0x0000000720000000, 0x0000000720000000|100%| E|CS|TAMS 0x000000071fe00000| PB 0x000000071fe00000| Complete 
| 256|0x0000000720000000, 0x0000000720200000, 0x0000000720200000|100%| E|CS|TAMS 0x0000000720000000| PB 0x0000000720000000| Complete 
| 257|0x0000000720200000, 0x0000000720400000, 0x0000000720400000|100%| E|CS|TAMS 0x0000000720200000| PB 0x0000000720200000| Complete 
| 258|0x0000000720400000, 0x0000000720600000, 0x0000000720600000|100%| E|CS|TAMS 0x0000000720400000| PB 0x0000000720400000| Complete 
| 259|0x0000000720600000, 0x0000000720800000, 0x0000000720800000|100%| E|CS|TAMS 0x0000000720600000| PB 0x0000000720600000| Complete 
| 260|0x0000000720800000, 0x0000000720a00000, 0x0000000720a00000|100%| E|CS|TAMS 0x0000000720800000| PB 0x0000000720800000| Complete 
| 261|0x0000000720a00000, 0x0000000720c00000, 0x0000000720c00000|100%| E|CS|TAMS 0x0000000720a00000| PB 0x0000000720a00000| Complete 
| 262|0x0000000720c00000, 0x0000000720e00000, 0x0000000720e00000|100%| E|CS|TAMS 0x0000000720c00000| PB 0x0000000720c00000| Complete 
| 263|0x0000000720e00000, 0x0000000721000000, 0x0000000721000000|100%| E|CS|TAMS 0x0000000720e00000| PB 0x0000000720e00000| Complete 
| 264|0x0000000721000000, 0x0000000721200000, 0x0000000721200000|100%| E|CS|TAMS 0x0000000721000000| PB 0x0000000721000000| Complete 
| 265|0x0000000721200000, 0x0000000721400000, 0x0000000721400000|100%| E|CS|TAMS 0x0000000721200000| PB 0x0000000721200000| Complete 
| 266|0x0000000721400000, 0x0000000721600000, 0x0000000721600000|100%| E|CS|TAMS 0x0000000721400000| PB 0x0000000721400000| Complete 
| 267|0x0000000721600000, 0x0000000721800000, 0x0000000721800000|100%| E|CS|TAMS 0x0000000721600000| PB 0x0000000721600000| Complete 
| 268|0x0000000721800000, 0x0000000721a00000, 0x0000000721a00000|100%| E|CS|TAMS 0x0000000721800000| PB 0x0000000721800000| Complete 
| 269|0x0000000721a00000, 0x0000000721c00000, 0x0000000721c00000|100%| E|CS|TAMS 0x0000000721a00000| PB 0x0000000721a00000| Complete 
| 270|0x0000000721c00000, 0x0000000721e00000, 0x0000000721e00000|100%| E|CS|TAMS 0x0000000721c00000| PB 0x0000000721c00000| Complete 
| 271|0x0000000721e00000, 0x0000000722000000, 0x0000000722000000|100%| E|CS|TAMS 0x0000000721e00000| PB 0x0000000721e00000| Complete 
| 272|0x0000000722000000, 0x0000000722200000, 0x0000000722200000|100%| E|CS|TAMS 0x0000000722000000| PB 0x0000000722000000| Complete 
| 273|0x0000000722200000, 0x0000000722400000, 0x0000000722400000|100%| E|CS|TAMS 0x0000000722200000| PB 0x0000000722200000| Complete 
| 274|0x0000000722400000, 0x0000000722600000, 0x0000000722600000|100%| E|CS|TAMS 0x0000000722400000| PB 0x0000000722400000| Complete 
| 275|0x0000000722600000, 0x0000000722800000, 0x0000000722800000|100%| E|CS|TAMS 0x0000000722600000| PB 0x0000000722600000| Complete 
| 276|0x0000000722800000, 0x0000000722a00000, 0x0000000722a00000|100%| E|CS|TAMS 0x0000000722800000| PB 0x0000000722800000| Complete 
| 277|0x0000000722a00000, 0x0000000722c00000, 0x0000000722c00000|100%| E|CS|TAMS 0x0000000722a00000| PB 0x0000000722a00000| Complete 
| 278|0x0000000722c00000, 0x0000000722e00000, 0x0000000722e00000|100%| E|CS|TAMS 0x0000000722c00000| PB 0x0000000722c00000| Complete 
| 279|0x0000000722e00000, 0x0000000723000000, 0x0000000723000000|100%| E|CS|TAMS 0x0000000722e00000| PB 0x0000000722e00000| Complete 
| 280|0x0000000723000000, 0x0000000723200000, 0x0000000723200000|100%| E|CS|TAMS 0x0000000723000000| PB 0x0000000723000000| Complete 
| 281|0x0000000723200000, 0x0000000723400000, 0x0000000723400000|100%| E|CS|TAMS 0x0000000723200000| PB 0x0000000723200000| Complete 
| 282|0x0000000723400000, 0x0000000723600000, 0x0000000723600000|100%| E|CS|TAMS 0x0000000723400000| PB 0x0000000723400000| Complete 
| 283|0x0000000723600000, 0x0000000723800000, 0x0000000723800000|100%| E|CS|TAMS 0x0000000723600000| PB 0x0000000723600000| Complete 
| 284|0x0000000723800000, 0x0000000723a00000, 0x0000000723a00000|100%| E|CS|TAMS 0x0000000723800000| PB 0x0000000723800000| Complete 
| 285|0x0000000723a00000, 0x0000000723c00000, 0x0000000723c00000|100%| E|CS|TAMS 0x0000000723a00000| PB 0x0000000723a00000| Complete 
| 286|0x0000000723c00000, 0x0000000723e00000, 0x0000000723e00000|100%| E|CS|TAMS 0x0000000723c00000| PB 0x0000000723c00000| Complete 
| 287|0x0000000723e00000, 0x0000000724000000, 0x0000000724000000|100%| E|CS|TAMS 0x0000000723e00000| PB 0x0000000723e00000| Complete 
| 288|0x0000000724000000, 0x0000000724200000, 0x0000000724200000|100%| E|CS|TAMS 0x0000000724000000| PB 0x0000000724000000| Complete 
| 289|0x0000000724200000, 0x0000000724400000, 0x0000000724400000|100%| E|CS|TAMS 0x0000000724200000| PB 0x0000000724200000| Complete 
| 290|0x0000000724400000, 0x0000000724600000, 0x0000000724600000|100%| E|CS|TAMS 0x0000000724400000| PB 0x0000000724400000| Complete 
| 291|0x0000000724600000, 0x0000000724800000, 0x0000000724800000|100%| E|CS|TAMS 0x0000000724600000| PB 0x0000000724600000| Complete 
| 292|0x0000000724800000, 0x0000000724a00000, 0x0000000724a00000|100%| E|CS|TAMS 0x0000000724800000| PB 0x0000000724800000| Complete 
| 293|0x0000000724a00000, 0x0000000724c00000, 0x0000000724c00000|100%| E|CS|TAMS 0x0000000724a00000| PB 0x0000000724a00000| Complete 
| 294|0x0000000724c00000, 0x0000000724e00000, 0x0000000724e00000|100%| E|CS|TAMS 0x0000000724c00000| PB 0x0000000724c00000| Complete 
| 295|0x0000000724e00000, 0x0000000725000000, 0x0000000725000000|100%| E|CS|TAMS 0x0000000724e00000| PB 0x0000000724e00000| Complete 
| 296|0x0000000725000000, 0x0000000725200000, 0x0000000725200000|100%| E|CS|TAMS 0x0000000725000000| PB 0x0000000725000000| Complete 
| 297|0x0000000725200000, 0x0000000725400000, 0x0000000725400000|100%| E|CS|TAMS 0x0000000725200000| PB 0x0000000725200000| Complete 
| 298|0x0000000725400000, 0x0000000725600000, 0x0000000725600000|100%| E|CS|TAMS 0x0000000725400000| PB 0x0000000725400000| Complete 
| 299|0x0000000725600000, 0x0000000725800000, 0x0000000725800000|100%| E|CS|TAMS 0x0000000725600000| PB 0x0000000725600000| Complete 
| 300|0x0000000725800000, 0x0000000725a00000, 0x0000000725a00000|100%| E|CS|TAMS 0x0000000725800000| PB 0x0000000725800000| Complete 
| 301|0x0000000725a00000, 0x0000000725c00000, 0x0000000725c00000|100%| E|CS|TAMS 0x0000000725a00000| PB 0x0000000725a00000| Complete 
| 302|0x0000000725c00000, 0x0000000725e00000, 0x0000000725e00000|100%| E|CS|TAMS 0x0000000725c00000| PB 0x0000000725c00000| Complete 
| 303|0x0000000725e00000, 0x0000000726000000, 0x0000000726000000|100%| E|CS|TAMS 0x0000000725e00000| PB 0x0000000725e00000| Complete 
| 304|0x0000000726000000, 0x0000000726200000, 0x0000000726200000|100%| E|CS|TAMS 0x0000000726000000| PB 0x0000000726000000| Complete 
| 305|0x0000000726200000, 0x0000000726400000, 0x0000000726400000|100%| E|CS|TAMS 0x0000000726200000| PB 0x0000000726200000| Complete 
| 306|0x0000000726400000, 0x0000000726600000, 0x0000000726600000|100%| E|CS|TAMS 0x0000000726400000| PB 0x0000000726400000| Complete 
| 307|0x0000000726600000, 0x0000000726800000, 0x0000000726800000|100%| E|CS|TAMS 0x0000000726600000| PB 0x0000000726600000| Complete 
| 308|0x0000000726800000, 0x0000000726a00000, 0x0000000726a00000|100%| E|CS|TAMS 0x0000000726800000| PB 0x0000000726800000| Complete 
| 309|0x0000000726a00000, 0x0000000726c00000, 0x0000000726c00000|100%| E|CS|TAMS 0x0000000726a00000| PB 0x0000000726a00000| Complete 
| 310|0x0000000726c00000, 0x0000000726e00000, 0x0000000726e00000|100%| E|CS|TAMS 0x0000000726c00000| PB 0x0000000726c00000| Complete 
| 311|0x0000000726e00000, 0x0000000727000000, 0x0000000727000000|100%| E|CS|TAMS 0x0000000726e00000| PB 0x0000000726e00000| Complete 
| 312|0x0000000727000000, 0x0000000727200000, 0x0000000727200000|100%| E|CS|TAMS 0x0000000727000000| PB 0x0000000727000000| Complete 
| 313|0x0000000727200000, 0x0000000727400000, 0x0000000727400000|100%| E|CS|TAMS 0x0000000727200000| PB 0x0000000727200000| Complete 
| 314|0x0000000727400000, 0x0000000727600000, 0x0000000727600000|100%| E|CS|TAMS 0x0000000727400000| PB 0x0000000727400000| Complete 
| 315|0x0000000727600000, 0x0000000727800000, 0x0000000727800000|100%| E|CS|TAMS 0x0000000727600000| PB 0x0000000727600000| Complete 
| 316|0x0000000727800000, 0x0000000727a00000, 0x0000000727a00000|100%| E|CS|TAMS 0x0000000727800000| PB 0x0000000727800000| Complete 
| 317|0x0000000727a00000, 0x0000000727c00000, 0x0000000727c00000|100%| E|CS|TAMS 0x0000000727a00000| PB 0x0000000727a00000| Complete 
| 318|0x0000000727c00000, 0x0000000727e00000, 0x0000000727e00000|100%| E|CS|TAMS 0x0000000727c00000| PB 0x0000000727c00000| Complete 
| 319|0x0000000727e00000, 0x0000000728000000, 0x0000000728000000|100%| E|CS|TAMS 0x0000000727e00000| PB 0x0000000727e00000| Complete 
| 320|0x0000000728000000, 0x0000000728200000, 0x0000000728200000|100%| E|CS|TAMS 0x0000000728000000| PB 0x0000000728000000| Complete 
| 321|0x0000000728200000, 0x0000000728400000, 0x0000000728400000|100%| E|CS|TAMS 0x0000000728200000| PB 0x0000000728200000| Complete 
| 322|0x0000000728400000, 0x0000000728600000, 0x0000000728600000|100%| E|CS|TAMS 0x0000000728400000| PB 0x0000000728400000| Complete 
| 323|0x0000000728600000, 0x0000000728800000, 0x0000000728800000|100%| E|CS|TAMS 0x0000000728600000| PB 0x0000000728600000| Complete 
| 324|0x0000000728800000, 0x0000000728a00000, 0x0000000728a00000|100%| E|CS|TAMS 0x0000000728800000| PB 0x0000000728800000| Complete 
| 325|0x0000000728a00000, 0x0000000728c00000, 0x0000000728c00000|100%| E|CS|TAMS 0x0000000728a00000| PB 0x0000000728a00000| Complete 
| 326|0x0000000728c00000, 0x0000000728e00000, 0x0000000728e00000|100%| E|CS|TAMS 0x0000000728c00000| PB 0x0000000728c00000| Complete 
| 327|0x0000000728e00000, 0x0000000729000000, 0x0000000729000000|100%| E|CS|TAMS 0x0000000728e00000| PB 0x0000000728e00000| Complete 
| 328|0x0000000729000000, 0x0000000729200000, 0x0000000729200000|100%| E|CS|TAMS 0x0000000729000000| PB 0x0000000729000000| Complete 
| 329|0x0000000729200000, 0x0000000729400000, 0x0000000729400000|100%| E|CS|TAMS 0x0000000729200000| PB 0x0000000729200000| Complete 
| 330|0x0000000729400000, 0x0000000729600000, 0x0000000729600000|100%| E|CS|TAMS 0x0000000729400000| PB 0x0000000729400000| Complete 
| 331|0x0000000729600000, 0x0000000729800000, 0x0000000729800000|100%| E|CS|TAMS 0x0000000729600000| PB 0x0000000729600000| Complete 
| 332|0x0000000729800000, 0x0000000729a00000, 0x0000000729a00000|100%| E|CS|TAMS 0x0000000729800000| PB 0x0000000729800000| Complete 
| 333|0x0000000729a00000, 0x0000000729c00000, 0x0000000729c00000|100%| E|CS|TAMS 0x0000000729a00000| PB 0x0000000729a00000| Complete 
| 334|0x0000000729c00000, 0x0000000729e00000, 0x0000000729e00000|100%| E|CS|TAMS 0x0000000729c00000| PB 0x0000000729c00000| Complete 
| 335|0x0000000729e00000, 0x000000072a000000, 0x000000072a000000|100%| E|CS|TAMS 0x0000000729e00000| PB 0x0000000729e00000| Complete 
| 336|0x000000072a000000, 0x000000072a200000, 0x000000072a200000|100%| E|CS|TAMS 0x000000072a000000| PB 0x000000072a000000| Complete 
| 337|0x000000072a200000, 0x000000072a400000, 0x000000072a400000|100%| E|CS|TAMS 0x000000072a200000| PB 0x000000072a200000| Complete 
| 338|0x000000072a400000, 0x000000072a600000, 0x000000072a600000|100%| E|CS|TAMS 0x000000072a400000| PB 0x000000072a400000| Complete 
| 339|0x000000072a600000, 0x000000072a800000, 0x000000072a800000|100%| E|CS|TAMS 0x000000072a600000| PB 0x000000072a600000| Complete 
| 340|0x000000072a800000, 0x000000072aa00000, 0x000000072aa00000|100%| E|CS|TAMS 0x000000072a800000| PB 0x000000072a800000| Complete 
| 341|0x000000072aa00000, 0x000000072ac00000, 0x000000072ac00000|100%| E|CS|TAMS 0x000000072aa00000| PB 0x000000072aa00000| Complete 
| 342|0x000000072ac00000, 0x000000072ae00000, 0x000000072ae00000|100%| E|CS|TAMS 0x000000072ac00000| PB 0x000000072ac00000| Complete 
| 343|0x000000072ae00000, 0x000000072b000000, 0x000000072b000000|100%| E|CS|TAMS 0x000000072ae00000| PB 0x000000072ae00000| Complete 
|2044|0x00000007ff800000, 0x00000007ffa00000, 0x00000007ffa00000|100%| O|  |TAMS 0x00000007ff800000| PB 0x00000007ff800000| Untracked 
|2045|0x00000007ffa00000, 0x00000007ffc00000, 0x00000007ffc00000|100%| O|  |TAMS 0x00000007ffa00000| PB 0x00000007ffa00000| Untracked 
|2046|0x00000007ffc00000, 0x00000007ffe00000, 0x00000007ffe00000|100%| O|  |TAMS 0x00000007ffc00000| PB 0x00000007ffc00000| Untracked 
|2047|0x00000007ffe00000, 0x0000000800000000, 0x0000000800000000|100%| O|  |TAMS 0x00000007ffe00000| PB 0x00000007ffe00000| Untracked 

Card table byte_map: [0x0000019f743c0000,0x0000019f74bc0000] _byte_map_base: 0x0000019f70bc0000

Marking Bits: (CMBitMap*) 0x0000019f5a2c53c0
 Bits: [0x0000019f74bc0000, 0x0000019f78bc0000)

Polling page: 0x0000019f5a320000

Metaspace:

Usage:
  Non-class:    151.48 MB used.
      Class:     21.59 MB used.
       Both:    173.07 MB used.

Virtual space:
  Non-class space:      192.00 MB reserved,     152.94 MB ( 80%) committed,  3 nodes.
      Class space:      832.00 MB reserved,      23.12 MB (  3%) committed,  1 nodes.
             Both:        1.00 GB reserved,     176.06 MB ( 17%) committed. 

Chunk freelists:
   Non-Class:  7.06 MB
       Class:  8.83 MB
        Both:  15.89 MB

MaxMetaspaceSize: 1.00 GB
CompressedClassSpaceSize: 832.00 MB
Initial GC threshold: 21.00 MB
Current GC threshold: 282.19 MB
CDS: on
 - commit_granule_bytes: 65536.
 - commit_granule_words: 8192.
 - virtual_space_node_default_size: 8388608.
 - enlarge_chunks_in_place: 1.
 - use_allocation_guard: 0.


Internal statistics:

num_allocs_failed_limit: 9.
num_arena_births: 5488.
num_arena_deaths: 0.
num_vsnodes_births: 4.
num_vsnodes_deaths: 0.
num_space_committed: 2815.
num_space_uncommitted: 0.
num_chunks_returned_to_freelist: 9.
num_chunks_taken_from_freelist: 13297.
num_chunk_merges: 9.
num_chunk_splits: 8997.
num_chunks_enlarged: 5820.
num_inconsistent_stats: 0.

CodeHeap 'non-profiled nmethods': size=120000Kb used=14571Kb max_used=14571Kb free=105428Kb
 bounds [0x0000019f6ba00000, 0x0000019f6c840000, 0x0000019f72f30000]
CodeHeap 'profiled nmethods': size=120000Kb used=56902Kb max_used=56902Kb free=63097Kb
 bounds [0x0000019f63f30000, 0x0000019f676d0000, 0x0000019f6b460000]
CodeHeap 'non-nmethods': size=5760Kb used=3238Kb max_used=3275Kb free=2521Kb
 bounds [0x0000019f6b460000, 0x0000019f6b7b0000, 0x0000019f6ba00000]
 total_blobs=24800 nmethods=23556 adapters=1144
 compilation: enabled
              stopped_count=0, restarted_count=0
 full_count=0

Compilation events (20 events):
Event: 220.973 Thread 0x0000019f7af1cf20 nmethod 26232 0x0000019f676ae690 code [0x0000019f676ae820, 0x0000019f676ae930]
Event: 220.973 Thread 0x0000019f7af1cf20 26233       1       org.gradle.api.internal.provider.ValueState$NonFinalizedValue::isUpgradedPropertyValue (5 bytes)
Event: 220.973 Thread 0x0000019f7af1cf20 nmethod 26233 0x0000019f6c83a390 code [0x0000019f6c83a520, 0x0000019f6c83a5f0]
Event: 220.974 Thread 0x0000019f7af1cf20 26234       1       sun.nio.fs.WindowsPath::getPathForExceptionMessage (5 bytes)
Event: 220.974 Thread 0x0000019f7af1cf20 nmethod 26234 0x0000019f6c83a690 code [0x0000019f6c83a820, 0x0000019f6c83a8f0]
Event: 220.986 Thread 0x0000019f7af1cf20 26236       3       com.google.common.collect.AbstractMapEntry::hashCode (36 bytes)
Event: 220.988 Thread 0x0000019f7af1cf20 nmethod 26236 0x0000019f676aea10 code [0x0000019f676aec00, 0x0000019f676af0f0]
Event: 220.988 Thread 0x0000019f7af1cf20 26237       3       org.gradle.api.internal.artifacts.DefaultProjectComponentIdentifier::hashCode (8 bytes)
Event: 220.990 Thread 0x0000019f7af1cf20 nmethod 26237 0x0000019f676af290 code [0x0000019f676af440, 0x0000019f676af5e0]
Event: 220.990 Thread 0x0000019f7af1cf20 26238       1       org.gradle.api.internal.artifacts.configurations.DefaultConfiguration::isTransitive (5 bytes)
Event: 220.990 Thread 0x0000019f7af1cf20 nmethod 26238 0x0000019f6c83a990 code [0x0000019f6c83ab20, 0x0000019f6c83abf0]
Event: 220.991 Thread 0x0000019f7af1cf20 26239       1       org.gradle.api.internal.project.DefaultProjectStateRegistry$ProjectStateImpl::getIdentity (5 bytes)
Event: 220.991 Thread 0x0000019f7af1cf20 nmethod 26239 0x0000019f6c83ac90 code [0x0000019f6c83ae20, 0x0000019f6c83aef0]
Event: 220.997 Thread 0x0000019f7af1cf20 26241       3       it.unimi.dsi.fastutil.HashCommon::maxFill (16 bytes)
Event: 220.998 Thread 0x0000019f7af1cf20 nmethod 26241 0x0000019f676af710 code [0x0000019f676af8e0, 0x0000019f676afb50]
Event: 220.998 Thread 0x0000019f7af1cf20 26240       3       it.unimi.dsi.fastutil.HashCommon::nextPowerOfTwo (53 bytes)
Event: 220.998 Thread 0x0000019f7af1cf20 nmethod 26240 0x0000019f676afc90 code [0x0000019f676afe40, 0x0000019f676b0000]
Event: 221.008 Thread 0x0000019f7af1cf20 26242       3       org.gradle.internal.watch.registry.impl.SnapshotCollectingDiffListener::nodeAdded (26 bytes)
Event: 221.011 Thread 0x0000019f7af1cf20 nmethod 26242 0x0000019f676b0090 code [0x0000019f676b02e0, 0x0000019f676b0be0]
Event: 221.011 Thread 0x0000019f7af1cf20 26244   !   3       org.gradle.internal.snapshot.DirectorySnapshot::accept (156 bytes)

GC Heap History (20 events):
Event: 94.472 GC heap before
{Heap before GC invocations=60 (full 0):
 garbage-first heap   total 366592K, used 221184K [0x0000000700000000, 0x0000000800000000)
  region size 2048K, 19 young (38912K), 4 survivors (8192K)
 Metaspace       used 157563K, committed 160448K, reserved 1048576K
  class space    used 19915K, committed 21376K, reserved 851968K
}
Event: 94.493 GC heap after
{Heap after GC invocations=61 (full 0):
 garbage-first heap   total 366592K, used 188030K [0x0000000700000000, 0x0000000800000000)
  region size 2048K, 2 young (4096K), 2 survivors (4096K)
 Metaspace       used 157563K, committed 160448K, reserved 1048576K
  class space    used 19915K, committed 21376K, reserved 851968K
}
Event: 102.869 GC heap before
{Heap before GC invocations=61 (full 0):
 garbage-first heap   total 366592K, used 286334K [0x0000000700000000, 0x0000000800000000)
  region size 2048K, 47 young (96256K), 2 survivors (4096K)
 Metaspace       used 160280K, committed 163136K, reserved 1048576K
  class space    used 20338K, committed 21760K, reserved 851968K
}
Event: 102.901 GC heap after
{Heap after GC invocations=62 (full 0):
 garbage-first heap   total 366592K, used 196474K [0x0000000700000000, 0x0000000800000000)
  region size 2048K, 4 young (8192K), 4 survivors (8192K)
 Metaspace       used 160280K, committed 163136K, reserved 1048576K
  class space    used 20338K, committed 21760K, reserved 851968K
}
Event: 103.476 GC heap before
{Heap before GC invocations=62 (full 0):
 garbage-first heap   total 366592K, used 298874K [0x0000000700000000, 0x0000000800000000)
  region size 2048K, 55 young (112640K), 4 survivors (8192K)
 Metaspace       used 160280K, committed 163136K, reserved 1048576K
  class space    used 20338K, committed 21760K, reserved 851968K
}
Event: 103.492 GC heap after
{Heap after GC invocations=63 (full 0):
 garbage-first heap   total 366592K, used 197939K [0x0000000700000000, 0x0000000800000000)
  region size 2048K, 5 young (10240K), 5 survivors (10240K)
 Metaspace       used 160280K, committed 163136K, reserved 1048576K
  class space    used 20338K, committed 21760K, reserved 851968K
}
Event: 104.230 GC heap before
{Heap before GC invocations=63 (full 0):
 garbage-first heap   total 366592K, used 326963K [0x0000000700000000, 0x0000000800000000)
  region size 2048K, 69 young (141312K), 5 survivors (10240K)
 Metaspace       used 160280K, committed 163136K, reserved 1048576K
  class space    used 20338K, committed 21760K, reserved 851968K
}
Event: 104.253 GC heap after
{Heap after GC invocations=64 (full 0):
 garbage-first heap   total 593920K, used 199743K [0x0000000700000000, 0x0000000800000000)
  region size 2048K, 6 young (12288K), 6 survivors (12288K)
 Metaspace       used 160280K, committed 163136K, reserved 1048576K
  class space    used 20338K, committed 21760K, reserved 851968K
}
Event: 106.079 GC heap before
{Heap before GC invocations=64 (full 0):
 garbage-first heap   total 593920K, used 541759K [0x0000000700000000, 0x0000000800000000)
  region size 2048K, 174 young (356352K), 6 survivors (12288K)
 Metaspace       used 160280K, committed 163136K, reserved 1048576K
  class space    used 20338K, committed 21760K, reserved 851968K
}
Event: 106.101 GC heap after
{Heap after GC invocations=65 (full 0):
 garbage-first heap   total 593920K, used 204096K [0x0000000700000000, 0x0000000800000000)
  region size 2048K, 8 young (16384K), 8 survivors (16384K)
 Metaspace       used 160280K, committed 163136K, reserved 1048576K
  class space    used 20338K, committed 21760K, reserved 851968K
}
Event: 113.841 GC heap before
{Heap before GC invocations=65 (full 0):
 garbage-first heap   total 593920K, used 476480K [0x0000000700000000, 0x0000000800000000)
  region size 2048K, 142 young (290816K), 8 survivors (16384K)
 Metaspace       used 161294K, committed 164224K, reserved 1048576K
  class space    used 20474K, committed 21952K, reserved 851968K
}
Event: 114.290 GC heap after
{Heap after GC invocations=66 (full 0):
 garbage-first heap   total 593920K, used 192087K [0x0000000700000000, 0x0000000800000000)
  region size 2048K, 4 young (8192K), 4 survivors (8192K)
 Metaspace       used 161294K, committed 164224K, reserved 1048576K
  class space    used 20474K, committed 21952K, reserved 851968K
}
Event: 156.258 GC heap before
{Heap before GC invocations=66 (full 0):
 garbage-first heap   total 593920K, used 370263K [0x0000000700000000, 0x0000000800000000)
  region size 2048K, 89 young (182272K), 4 survivors (8192K)
 Metaspace       used 169483K, committed 172352K, reserved 1048576K
  class space    used 21138K, committed 22592K, reserved 851968K
}
Event: 156.389 GC heap after
{Heap after GC invocations=67 (full 0):
 garbage-first heap   total 593920K, used 197724K [0x0000000700000000, 0x0000000800000000)
  region size 2048K, 5 young (10240K), 5 survivors (10240K)
 Metaspace       used 169483K, committed 172352K, reserved 1048576K
  class space    used 21138K, committed 22592K, reserved 851968K
}
Event: 162.567 GC heap before
{Heap before GC invocations=68 (full 0):
 garbage-first heap   total 593920K, used 473540K [0x0000000700000000, 0x0000000800000000)
  region size 2048K, 146 young (299008K), 5 survivors (10240K)
 Metaspace       used 170619K, committed 173504K, reserved 1048576K
  class space    used 21197K, committed 22656K, reserved 851968K
}
Event: 162.692 GC heap after
{Heap after GC invocations=69 (full 0):
 garbage-first heap   total 593920K, used 187561K [0x0000000700000000, 0x0000000800000000)
  region size 2048K, 5 young (10240K), 5 survivors (10240K)
 Metaspace       used 170619K, committed 173504K, reserved 1048576K
  class space    used 21197K, committed 22656K, reserved 851968K
}
Event: 166.599 GC heap before
{Heap before GC invocations=69 (full 0):
 garbage-first heap   total 593920K, used 533673K [0x0000000700000000, 0x0000000800000000)
  region size 2048K, 174 young (356352K), 5 survivors (10240K)
 Metaspace       used 170623K, committed 173568K, reserved 1048576K
  class space    used 21197K, committed 22656K, reserved 851968K
}
Event: 166.698 GC heap after
{Heap after GC invocations=70 (full 0):
 garbage-first heap   total 712704K, used 187616K [0x0000000700000000, 0x0000000800000000)
  region size 2048K, 7 young (14336K), 7 survivors (14336K)
 Metaspace       used 170623K, committed 173568K, reserved 1048576K
  class space    used 21197K, committed 22656K, reserved 851968K
}
Event: 170.270 GC heap before
{Heap before GC invocations=70 (full 0):
 garbage-first heap   total 712704K, used 599264K [0x0000000700000000, 0x0000000800000000)
  region size 2048K, 208 young (425984K), 7 survivors (14336K)
 Metaspace       used 170625K, committed 173568K, reserved 1048576K
  class space    used 21197K, committed 22656K, reserved 851968K
}
Event: 170.440 GC heap after
{Heap after GC invocations=71 (full 0):
 garbage-first heap   total 712704K, used 160378K [0x0000000700000000, 0x0000000800000000)
  region size 2048K, 5 young (10240K), 5 survivors (10240K)
 Metaspace       used 170625K, committed 173568K, reserved 1048576K
  class space    used 21197K, committed 22656K, reserved 851968K
}

Dll operation events (16 events):
Event: 0.021 Loaded shared library C:\Program Files\Java\jdk-21.0.11\bin\java.dll
Event: 0.079 Loaded shared library C:\Program Files\Java\jdk-21.0.11\bin\jsvml.dll
Event: 0.117 Loaded shared library C:\Program Files\Java\jdk-21.0.11\bin\zip.dll
Event: 0.123 Loaded shared library C:\Program Files\Java\jdk-21.0.11\bin\instrument.dll
Event: 0.129 Loaded shared library C:\Program Files\Java\jdk-21.0.11\bin\net.dll
Event: 0.133 Loaded shared library C:\Program Files\Java\jdk-21.0.11\bin\nio.dll
Event: 0.136 Loaded shared library C:\Program Files\Java\jdk-21.0.11\bin\zip.dll
Event: 0.559 Loaded shared library C:\Program Files\Java\jdk-21.0.11\bin\jimage.dll
Event: 0.818 Loaded shared library C:\Program Files\Java\jdk-21.0.11\bin\verify.dll
Event: 0.919 Loaded shared library C:\Users\91770\.gradle\native\1def1411415f61bf3af743bc5b6707747c0891f09f0c88961ee8f79bc544acac\windows-amd64\native-platform.dll
Event: 0.937 Loaded shared library C:\Users\91770\.gradle\native\0.2.7\x86_64-windows-gnu\gradle-fileevents.dll
Event: 2.240 Loaded shared library C:\Program Files\Java\jdk-21.0.11\bin\management.dll
Event: 2.244 Loaded shared library C:\Program Files\Java\jdk-21.0.11\bin\management_ext.dll
Event: 2.400 Loaded shared library C:\Program Files\Java\jdk-21.0.11\bin\extnet.dll
Event: 2.660 Loaded shared library C:\Program Files\Java\jdk-21.0.11\bin\sunmscapi.dll
Event: 186.221 Loaded shared library C:\Program Files\Java\jdk-21.0.11\bin\rmi.dll

Deoptimization events (20 events):
Event: 217.035 Thread 0x0000019f4ee533c0 DEOPT PACKING pc=0x0000019f6c2ef2d0 sp=0x000000851a7fa330
Event: 217.035 Thread 0x0000019f4ee533c0 DEOPT UNPACKING pc=0x0000019f6b4b46a2 sp=0x000000851a7fa2b8 mode 2
Event: 217.711 Thread 0x0000019f4ee533c0 Uncommon trap: trap_request=0xffffffc6 fr.pc=0x0000019f6c5408ac relative=0x000000000000008c
Event: 218.543 Thread 0x0000019f4ee533c0 Uncommon trap: reason=bimorphic_or_optimized_type_check action=maybe_recompile pc=0x0000019f6c5408ac method=com.google.common.collect.AbstractMapBasedMultimap$KeySet$1.hasNext()Z @ 4 c2
Event: 218.543 Thread 0x0000019f4ee533c0 DEOPT PACKING pc=0x0000019f6c5408ac sp=0x000000851a7fb130
Event: 218.543 Thread 0x0000019f4ee533c0 DEOPT UNPACKING pc=0x0000019f6b4b46a2 sp=0x000000851a7fb0b8 mode 2
Event: 218.696 Thread 0x0000019f4ee540e0 Uncommon trap: trap_request=0xffffffc6 fr.pc=0x0000019f6c5408ac relative=0x000000000000008c
Event: 218.696 Thread 0x0000019f4ee540e0 Uncommon trap: reason=bimorphic_or_optimized_type_check action=maybe_recompile pc=0x0000019f6c5408ac method=com.google.common.collect.AbstractMapBasedMultimap$KeySet$1.hasNext()Z @ 4 c2
Event: 218.696 Thread 0x0000019f4ee540e0 DEOPT PACKING pc=0x0000019f6c5408ac sp=0x000000851a9fb120
Event: 218.696 Thread 0x0000019f4ee540e0 DEOPT UNPACKING pc=0x0000019f6b4b46a2 sp=0x000000851a9fb0a8 mode 2
Event: 220.766 Thread 0x0000019f4ee561b0 DEOPT PACKING pc=0x0000019f67683589 sp=0x000000851b0fe3a0
Event: 220.766 Thread 0x0000019f4ee561b0 DEOPT UNPACKING pc=0x0000019f6b4b4e42 sp=0x000000851b0fd840 mode 0
Event: 220.767 Thread 0x0000019f4ee561b0 DEOPT PACKING pc=0x0000019f67683589 sp=0x000000851b0fe3a0
Event: 220.767 Thread 0x0000019f4ee561b0 DEOPT UNPACKING pc=0x0000019f6b4b4e42 sp=0x000000851b0fd840 mode 0
Event: 220.769 Thread 0x0000019f4ee561b0 Uncommon trap: trap_request=0xffffffc6 fr.pc=0x0000019f6bfa49d4 relative=0x0000000000000d74
Event: 220.769 Thread 0x0000019f4ee561b0 Uncommon trap: reason=bimorphic_or_optimized_type_check action=maybe_recompile pc=0x0000019f6bfa49d4 method=java.io.BufferedOutputStream.implWrite([BII)V @ 19 c2
Event: 220.769 Thread 0x0000019f4ee561b0 DEOPT PACKING pc=0x0000019f6bfa49d4 sp=0x000000851b0fe330
Event: 220.769 Thread 0x0000019f4ee561b0 DEOPT UNPACKING pc=0x0000019f6b4b46a2 sp=0x000000851b0fe260 mode 2
Event: 222.507 Thread 0x0000019f4ee526a0 Uncommon trap: trap_request=0xffffff45 fr.pc=0x0000019f6c821e68 relative=0x0000000000003e68
Event: 222.940 Thread 0x0000019f4ee526a0 Uncommon trap: reason=unstable_if action=reinterpret pc=0x0000019f6c821e68 method=com.google.common.cache.LocalCache.isExpired(Lcom/google/common/cache/ReferenceEntry;J)Z @ 9 c2

Classes loaded (20 events):
Event: 187.768 Loading class sun/rmi/server/UnicastServerRef$HashToMethod_Maps$1
Event: 187.768 Loading class sun/rmi/server/UnicastServerRef$HashToMethod_Maps$1 done
Event: 187.794 Loading class sun/rmi/server/LoaderHandler$Loader
Event: 187.795 Loading class sun/rmi/server/LoaderHandler$Loader done
Event: 187.806 Loading class java/rmi/server/ServerNotActiveException
Event: 187.807 Loading class java/rmi/server/ServerNotActiveException done
Event: 187.821 Loading class sun/rmi/transport/DGCAckHandler
Event: 187.825 Loading class sun/rmi/transport/DGCAckHandler done
Event: 187.858 Loading class sun/rmi/transport/DGCAckHandler$1
Event: 187.859 Loading class sun/rmi/transport/DGCAckHandler$1 done
Event: 187.862 Loading class sun/rmi/transport/tcp/TCPTransport$ConnectionHandler
Event: 187.869 Loading class sun/rmi/transport/tcp/TCPTransport$ConnectionHandler done
Event: 187.937 Loading class sun/rmi/transport/Transport$1
Event: 187.947 Loading class sun/rmi/transport/Transport$1 done
Event: 187.959 Loading class sun/rmi/transport/DGCImpl$LeaseInfo
Event: 187.961 Loading class sun/rmi/transport/DGCImpl$LeaseInfo done
Event: 187.961 Loading class sun/rmi/transport/DGCImpl$1
Event: 187.962 Loading class sun/rmi/transport/DGCImpl$1 done
Event: 187.962 Loading class sun/rmi/transport/SequenceEntry
Event: 187.963 Loading class sun/rmi/transport/SequenceEntry done

Classes unloaded (0 events):
No events

Classes redefined (0 events):
No events

Internal exceptions (20 events):
Event: 214.098 Thread 0x0000019f4ee526a0 Exception <a 'sun/nio/fs/WindowsException'{0x00000007244ab148}> (0x00000007244ab148) 
thrown [s\open\src\hotspot\share\prims\jni.cpp, line 520]
Event: 214.099 Thread 0x0000019f4ee526a0 Exception <a 'sun/nio/fs/WindowsException'{0x00000007244ad518}> (0x00000007244ad518) 
thrown [s\open\src\hotspot\share\prims\jni.cpp, line 520]
Event: 214.101 Thread 0x0000019f4ee526a0 Exception <a 'sun/nio/fs/WindowsException'{0x00000007244af660}> (0x00000007244af660) 
thrown [s\open\src\hotspot\share\prims\jni.cpp, line 520]
Event: 214.106 Thread 0x0000019f4ee540e0 Exception <a 'sun/nio/fs/WindowsException'{0x000000072458d238}> (0x000000072458d238) 
thrown [s\open\src\hotspot\share\prims\jni.cpp, line 520]
Event: 214.109 Thread 0x0000019f4ee540e0 Exception <a 'sun/nio/fs/WindowsException'{0x000000072458fb18}> (0x000000072458fb18) 
thrown [s\open\src\hotspot\share\prims\jni.cpp, line 520]
Event: 214.110 Thread 0x0000019f4ee540e0 Exception <a 'sun/nio/fs/WindowsException'{0x0000000724591f20}> (0x0000000724591f20) 
thrown [s\open\src\hotspot\share\prims\jni.cpp, line 520]
Event: 214.605 Thread 0x0000019f4ee533c0 Exception <a 'sun/nio/fs/WindowsException'{0x0000000721f7bef8}> (0x0000000721f7bef8) 
thrown [s\open\src\hotspot\share\prims\jni.cpp, line 520]
Event: 214.605 Thread 0x0000019f4ee540e0 Exception <a 'sun/nio/fs/WindowsException'{0x00000007245a2c20}> (0x00000007245a2c20) 
thrown [s\open\src\hotspot\share\prims\jni.cpp, line 520]
Event: 218.712 Thread 0x0000019f4d630ba0 Exception <a 'java/net/ConnectException'{0x0000000722d5a5b8}: Connection refused: connect> (0x0000000722d5a5b8) 
thrown [s\open\src\hotspot\share\prims\jni.cpp, line 539]
Event: 218.712 Thread 0x0000019f4d2931f0 Exception <a 'java/net/ConnectException'{0x0000000722c1aad0}: Connection refused: connect> (0x0000000722c1aad0) 
thrown [s\open\src\hotspot\share\prims\jni.cpp, line 539]
Event: 218.723 Thread 0x0000019f4d630ba0 Exception <a 'java/net/ConnectException'{0x0000000722d5adf0}: Connection refused: connect> (0x0000000722d5adf0) 
thrown [s\open\src\hotspot\share\prims\jni.cpp, line 539]
Event: 218.724 Thread 0x0000019f4d2931f0 Exception <a 'java/net/ConnectException'{0x0000000722c1b308}: Connection refused: connect> (0x0000000722c1b308) 
thrown [s\open\src\hotspot\share\prims\jni.cpp, line 539]
Event: 218.735 Thread 0x0000019f4d2931f0 Exception <a 'java/net/ConnectException'{0x0000000722c1bb40}: Connection refused: connect> (0x0000000722c1bb40) 
thrown [s\open\src\hotspot\share\prims\jni.cpp, line 539]
Event: 218.735 Thread 0x0000019f4d630ba0 Exception <a 'java/net/ConnectException'{0x0000000722d5b628}: Connection refused: connect> (0x0000000722d5b628) 
thrown [s\open\src\hotspot\share\prims\jni.cpp, line 539]
Event: 220.872 Thread 0x0000019f4ee526a0 Exception <a 'sun/nio/fs/WindowsException'{0x00000007244c3be0}> (0x00000007244c3be0) 
thrown [s\open\src\hotspot\share\prims\jni.cpp, line 520]
Event: 220.877 Thread 0x0000019f4ee526a0 Exception <a 'sun/nio/fs/WindowsException'{0x00000007244c5ca0}> (0x00000007244c5ca0) 
thrown [s\open\src\hotspot\share\prims\jni.cpp, line 520]
Event: 220.878 Thread 0x0000019f4ee526a0 Exception <a 'sun/nio/fs/WindowsException'{0x00000007244c7ff8}> (0x00000007244c7ff8) 
thrown [s\open\src\hotspot\share\prims\jni.cpp, line 520]
Event: 220.974 Thread 0x0000019f4ee540e0 Exception <a 'sun/nio/fs/WindowsException'{0x0000000721dd2900}> (0x0000000721dd2900) 
thrown [s\open\src\hotspot\share\prims\jni.cpp, line 520]
Event: 220.974 Thread 0x0000019f4ee540e0 Exception <a 'sun/nio/fs/WindowsException'{0x0000000721dd4728}> (0x0000000721dd4728) 
thrown [s\open\src\hotspot\share\prims\jni.cpp, line 520]
Event: 220.974 Thread 0x0000019f4ee540e0 Exception <a 'sun/nio/fs/WindowsException'{0x0000000721dd65a0}> (0x0000000721dd65a0) 
thrown [s\open\src\hotspot\share\prims\jni.cpp, line 520]

ZGC Phase Switch (0 events):
No events

VM Operations (20 events):
Event: 207.783 Executing VM operation: Cleanup done
Event: 208.783 Executing VM operation: Cleanup
Event: 208.784 Executing VM operation: Cleanup done
Event: 210.784 Executing VM operation: Cleanup
Event: 210.784 Executing VM operation: Cleanup done
Event: 211.784 Executing VM operation: Cleanup
Event: 211.785 Executing VM operation: Cleanup done
Event: 213.784 Executing VM operation: Cleanup
Event: 213.829 Executing VM operation: Cleanup done
Event: 215.829 Executing VM operation: Cleanup
Event: 215.829 Executing VM operation: Cleanup done
Event: 216.830 Executing VM operation: Cleanup
Event: 216.885 Executing VM operation: Cleanup done
Event: 218.886 Executing VM operation: Cleanup
Event: 218.886 Executing VM operation: Cleanup done
Event: 220.888 Executing VM operation: Cleanup
Event: 220.889 Executing VM operation: Cleanup done
Event: 221.889 Executing VM operation: Cleanup
Event: 221.889 Executing VM operation: Cleanup done
Event: 222.889 Executing VM operation: Cleanup

Events (20 events):
Event: 179.152 Thread 0x0000019f4d630510 Thread added: 0x0000019f4d630510
Event: 179.170 Thread 0x0000019f54d47a90 Thread added: 0x0000019f54d47a90
Event: 181.148 Thread 0x0000019f54d47a90 Thread exited: 0x0000019f54d47a90
Event: 181.148 Thread 0x0000019f4d630510 Thread exited: 0x0000019f4d630510
Event: 181.192 Thread 0x0000019f4d62fe80 Thread added: 0x0000019f4d62fe80
Event: 181.260 Thread 0x0000019f54d46d70 Thread added: 0x0000019f54d46d70
Event: 182.992 Thread 0x0000019f54d46d70 Thread exited: 0x0000019f54d46d70
Event: 182.993 Thread 0x0000019f4d62fe80 Thread exited: 0x0000019f4d62fe80
Event: 186.006 Thread 0x0000019f4d62f7f0 Thread added: 0x0000019f4d62f7f0
Event: 186.185 Thread 0x0000019f4d2931f0 Thread added: 0x0000019f4d2931f0
Event: 186.235 Thread 0x0000019f4d296d00 Thread added: 0x0000019f4d296d00
Event: 186.235 Thread 0x0000019f4d630ba0 Thread added: 0x0000019f4d630ba0
Event: 186.799 Thread 0x0000019f4d62fe80 Thread added: 0x0000019f4d62fe80
Event: 186.800 Thread 0x0000019f54ae7cd0 Thread added: 0x0000019f54ae7cd0
Event: 187.765 Thread 0x0000019f3ef1cdf0 Thread added: 0x0000019f3ef1cdf0
Event: 187.766 Thread 0x0000019f4d630510 Thread added: 0x0000019f4d630510
Event: 187.768 Thread 0x0000019f3ef1db10 Thread added: 0x0000019f3ef1db10
Event: 187.870 Thread 0x0000019f3921e660 Thread added: 0x0000019f3921e660
Event: 187.871 Thread 0x0000019f4d298740 Thread added: 0x0000019f4d298740
Event: 219.511 Thread 0x0000019f4ee4a9f0 Thread exited: 0x0000019f4ee4a9f0


Dynamic libraries:
0x00007ff67fd10000 - 0x00007ff67fd20000 	C:\Program Files\Java\jdk-21.0.11\bin\java.exe
0x00007ffd9b3a0000 - 0x00007ffd9b607000 	C:\WINDOWS\SYSTEM32\ntdll.dll
0x00007ffd99f90000 - 0x00007ffd9a059000 	C:\WINDOWS\System32\KERNEL32.DLL
0x00007ffd97df0000 - 0x00007ffd981e4000 	C:\WINDOWS\System32\KERNELBASE.dll
0x00007ffd981f0000 - 0x00007ffd9833b000 	C:\WINDOWS\System32\ucrtbase.dll
0x00007ffd35130000 - 0x00007ffd35149000 	C:\Program Files\Java\jdk-21.0.11\bin\jli.dll
0x00007ffd3a170000 - 0x00007ffd3a18e000 	C:\Program Files\Java\jdk-21.0.11\bin\VCRUNTIME140.dll
0x00007ffd99c40000 - 0x00007ffd99cf6000 	C:\WINDOWS\System32\ADVAPI32.dll
0x00007ffd99d00000 - 0x00007ffd99da9000 	C:\WINDOWS\System32\msvcrt.dll
0x00007ffd9a620000 - 0x00007ffd9a6c7000 	C:\WINDOWS\System32\sechost.dll
0x00007ffd9a060000 - 0x00007ffd9a178000 	C:\WINDOWS\System32\RPCRT4.dll
0x00007ffd99530000 - 0x00007ffd996f5000 	C:\WINDOWS\System32\USER32.dll
0x00007ffd98fd0000 - 0x00007ffd98ff7000 	C:\WINDOWS\System32\win32u.dll
0x00007ffd85ab0000 - 0x00007ffd85d43000 	C:\WINDOWS\WinSxS\amd64_microsoft.windows.common-controls_6595b64144ccf1df_6.0.26100.8115_none_3e075c82e3354f9c\COMCTL32.dll
0x00007ffd99700000 - 0x00007ffd9972b000 	C:\WINDOWS\System32\GDI32.dll
0x00007ffd99000000 - 0x00007ffd9912b000 	C:\WINDOWS\System32\gdi32full.dll
0x00007ffd98400000 - 0x00007ffd984a3000 	C:\WINDOWS\System32\msvcp_win.dll
0x00007ffd8fd80000 - 0x00007ffd8fd8b000 	C:\WINDOWS\SYSTEM32\VERSION.dll
0x00007ffd99130000 - 0x00007ffd99162000 	C:\WINDOWS\System32\IMM32.DLL
0x00007ffd7b210000 - 0x00007ffd7b21c000 	C:\Program Files\Java\jdk-21.0.11\bin\vcruntime140_1.dll
0x00007ffc9b3d0000 - 0x00007ffc9b45d000 	C:\Program Files\Java\jdk-21.0.11\bin\msvcp140.dll
0x00007ffc9a6a0000 - 0x00007ffc9b3c8000 	C:\Program Files\Java\jdk-21.0.11\bin\server\jvm.dll
0x00007ffd9ab60000 - 0x00007ffd9abe0000 	C:\WINDOWS\System32\WS2_32.dll
0x00007ffd97ad0000 - 0x00007ffd97b2e000 	C:\WINDOWS\SYSTEM32\POWRPROF.dll
0x00007ffd8fd40000 - 0x00007ffd8fd76000 	C:\WINDOWS\SYSTEM32\WINMM.dll
0x00007ffd97ab0000 - 0x00007ffd97ac4000 	C:\WINDOWS\SYSTEM32\UMPDC.dll
0x00007ffd96a00000 - 0x00007ffd96a1b000 	C:\WINDOWS\SYSTEM32\kernel.appcore.dll
0x00007ffd799e0000 - 0x00007ffd799ea000 	C:\Program Files\Java\jdk-21.0.11\bin\jimage.dll
0x00007ffd95e70000 - 0x00007ffd960b2000 	C:\WINDOWS\SYSTEM32\DBGHELP.DLL
0x00007ffd9a180000 - 0x00007ffd9a502000 	C:\WINDOWS\System32\combase.dll
0x00007ffd99770000 - 0x00007ffd99848000 	C:\WINDOWS\System32\OLEAUT32.dll
0x00007ffd856e0000 - 0x00007ffd8571b000 	C:\WINDOWS\SYSTEM32\dbgcore.DLL
0x00007ffd984b0000 - 0x00007ffd98555000 	C:\WINDOWS\System32\bcryptPrimitives.dll
0x00007ffd5c7d0000 - 0x00007ffd5c7e0000 	C:\Program Files\Java\jdk-21.0.11\bin\instrument.dll
0x00007ffd262b0000 - 0x00007ffd262d1000 	C:\Program Files\Java\jdk-21.0.11\bin\java.dll
0x00007ffd9abf0000 - 0x00007ffd9b357000 	C:\WINDOWS\System32\SHELL32.dll
0x00007ffd985f0000 - 0x00007ffd9875a000 	C:\WINDOWS\System32\wintypes.dll
0x00007ffd98760000 - 0x00007ffd98fc8000 	C:\WINDOWS\System32\windows.storage.dll
0x00007ffd99210000 - 0x00007ffd99308000 	C:\WINDOWS\System32\SHCORE.dll
0x00007ffd99850000 - 0x00007ffd998b6000 	C:\WINDOWS\System32\shlwapi.dll
0x00007ffd97b90000 - 0x00007ffd97bb9000 	C:\WINDOWS\SYSTEM32\profapi.dll
0x00007ffc9a5c0000 - 0x00007ffc9a697000 	C:\Program Files\Java\jdk-21.0.11\bin\jsvml.dll
0x00007ffd31400000 - 0x00007ffd31418000 	C:\Program Files\Java\jdk-21.0.11\bin\zip.dll
0x00007ffd699e0000 - 0x00007ffd699f1000 	C:\Program Files\Java\jdk-21.0.11\bin\net.dll
0x00007ffd90cc0000 - 0x00007ffd90ded000 	C:\WINDOWS\SYSTEM32\WINHTTP.dll
0x00007ffd96f70000 - 0x00007ffd96fdc000 	C:\WINDOWS\system32\mswsock.dll
0x00007ffd314b0000 - 0x00007ffd314c6000 	C:\Program Files\Java\jdk-21.0.11\bin\nio.dll
0x00007ffd77b30000 - 0x00007ffd77b40000 	C:\Program Files\Java\jdk-21.0.11\bin\verify.dll
0x00007ffd30a30000 - 0x00007ffd30a57000 	C:\Users\91770\.gradle\native\1def1411415f61bf3af743bc5b6707747c0891f09f0c88961ee8f79bc544acac\windows-amd64\native-platform.dll
0x00007ffd24a10000 - 0x00007ffd24a88000 	C:\Users\91770\.gradle\native\0.2.7\x86_64-windows-gnu\gradle-fileevents.dll
0x00007ffd73fc0000 - 0x00007ffd73fca000 	C:\Program Files\Java\jdk-21.0.11\bin\management.dll
0x00007ffd72390000 - 0x00007ffd7239c000 	C:\Program Files\Java\jdk-21.0.11\bin\management_ext.dll
0x00007ffd9a600000 - 0x00007ffd9a608000 	C:\WINDOWS\System32\PSAPI.DLL
0x00007ffd96450000 - 0x00007ffd96482000 	C:\WINDOWS\SYSTEM32\IPHLPAPI.DLL
0x00007ffd99730000 - 0x00007ffd9973a000 	C:\WINDOWS\System32\NSI.dll
0x00007ffd5a280000 - 0x00007ffd5a289000 	C:\Program Files\Java\jdk-21.0.11\bin\extnet.dll
0x00007ffd97250000 - 0x00007ffd9726b000 	C:\WINDOWS\SYSTEM32\CRYPTSP.dll
0x00007ffd96960000 - 0x00007ffd96999000 	C:\WINDOWS\system32\rsaenh.dll
0x00007ffd97020000 - 0x00007ffd97053000 	C:\WINDOWS\SYSTEM32\USERENV.dll
0x00007ffd97b60000 - 0x00007ffd97b8a000 	C:\WINDOWS\SYSTEM32\bcrypt.dll
0x00007ffd97270000 - 0x00007ffd9727c000 	C:\WINDOWS\SYSTEM32\CRYPTBASE.dll
0x00007ffd79fc0000 - 0x00007ffd79fce000 	C:\Program Files\Java\jdk-21.0.11\bin\sunmscapi.dll
0x00007ffd97c70000 - 0x00007ffd97de7000 	C:\WINDOWS\System32\CRYPT32.dll
0x00007ffd97470000 - 0x00007ffd974a0000 	C:\WINDOWS\SYSTEM32\ncrypt.dll
0x00007ffd97420000 - 0x00007ffd9745f000 	C:\WINDOWS\SYSTEM32\NTASN1.dll
0x00007ffd54870000 - 0x00007ffd54878000 	C:\WINDOWS\system32\wshunix.dll
0x00007ffd964f0000 - 0x00007ffd96622000 	C:\WINDOWS\SYSTEM32\DNSAPI.dll
0x00007ffd8b020000 - 0x00007ffd8b02b000 	C:\Windows\System32\rasadhlp.dll
0x00007ffd8fbb0000 - 0x00007ffd8fc36000 	C:\WINDOWS\System32\fwpuclnt.dll
0x00007ffd95080000 - 0x00007ffd9511f000 	C:\WINDOWS\system32\apphelp.dll
0x00007ffd7ae20000 - 0x00007ffd7ae27000 	C:\Program Files\Java\jdk-21.0.11\bin\rmi.dll

dbghelp: loaded successfully - version: 4.0.5 - missing functions: none
symbol engine: initialized successfully - sym options: 0x614 - pdb path: .;C:\Program Files\Java\jdk-21.0.11\bin;C:\WINDOWS\SYSTEM32;C:\WINDOWS\WinSxS\amd64_microsoft.windows.common-controls_6595b64144ccf1df_6.0.26100.8115_none_3e075c82e3354f9c;C:\Program Files\Java\jdk-21.0.11\bin\server;C:\Users\91770\.gradle\native\1def1411415f61bf3af743bc5b6707747c0891f09f0c88961ee8f79bc544acac\windows-amd64;C:\Users\91770\.gradle\native\0.2.7\x86_64-windows-gnu

VM Arguments:
jvm_args: --add-opens=java.base/java.lang=ALL-UNNAMED --add-opens=java.base/java.lang.invoke=ALL-UNNAMED --add-opens=java.base/java.util=ALL-UNNAMED --add-opens=java.prefs/java.util.prefs=ALL-UNNAMED --add-exports=jdk.compiler/com.sun.tools.javac.api=ALL-UNNAMED --add-exports=jdk.compiler/com.sun.tools.javac.util=ALL-UNNAMED --add-opens=java.base/java.util=ALL-UNNAMED --add-opens=java.prefs/java.util.prefs=ALL-UNNAMED --add-opens=java.base/java.nio.charset=ALL-UNNAMED --add-opens=java.base/java.net=ALL-UNNAMED --add-opens=java.base/java.util.concurrent.atomic=ALL-UNNAMED --add-opens=java.xml/javax.xml.namespace=ALL-UNNAMED -XX:MaxMetaspaceSize=1024m -Xmx4096m -Dfile.encoding=UTF-8 -Duser.country=US -Duser.language=en -Duser.variant -javaagent:C:\Users\91770\.gradle\wrapper\dists\gradle-8.14.3-bin\cv11ve7ro1n3o1j4so8xd9n66\gradle-8.14.3\lib\agents\gradle-instrumentation-agent-8.14.3.jar 
java_command: org.gradle.launcher.daemon.bootstrap.GradleDaemon 8.14.3
java_class_path (initial): C:\Users\91770\.gradle\wrapper\dists\gradle-8.14.3-bin\cv11ve7ro1n3o1j4so8xd9n66\gradle-8.14.3\lib\gradle-daemon-main-8.14.3.jar
Launcher Type: SUN_STANDARD

[Global flags]
     intx CICompilerCount                          = 4                                         {product} {ergonomic}
   size_t CompressedClassSpaceSize                 = 872415232                                 {product} {ergonomic}
     uint ConcGCThreads                            = 3                                         {product} {ergonomic}
     uint G1ConcRefinementThreads                  = 10                                        {product} {ergonomic}
   size_t G1HeapRegionSize                         = 2097152                                   {product} {ergonomic}
    uintx GCDrainStackTargetSize                   = 64                                        {product} {ergonomic}
   size_t InitialHeapSize                          = 98566144                                  {product} {ergonomic}
   size_t MarkStackSize                            = 4194304                                   {product} {ergonomic}
   size_t MaxHeapSize                              = 4294967296                                {product} {command line}
   size_t MaxMetaspaceSize                         = 1073741824                                {product} {command line}
   size_t MaxNewSize                               = 2575302656                                {product} {ergonomic}
   size_t MinHeapDeltaBytes                        = 2097152                                   {product} {ergonomic}
   size_t MinHeapSize                              = 8388608                                   {product} {ergonomic}
    uintx NonNMethodCodeHeapSize                   = 5839372                                {pd product} {ergonomic}
    uintx NonProfiledCodeHeapSize                  = 122909434                              {pd product} {ergonomic}
    uintx ProfiledCodeHeapSize                     = 122909434                              {pd product} {ergonomic}
    uintx ReservedCodeCacheSize                    = 251658240                              {pd product} {ergonomic}
     bool SegmentedCodeCache                       = true                                      {product} {ergonomic}
   size_t SoftMaxHeapSize                          = 4294967296                             {manageable} {ergonomic}
     bool UseCompressedOops                        = true                           {product lp64_product} {ergonomic}
     bool UseG1GC                                  = true                                      {product} {ergonomic}
     bool UseLargePagesIndividualAllocation        = false                                  {pd product} {ergonomic}

Logging:
Log output configuration:
 #0: stdout all=warning uptime,level,tags foldmultilines=false
 #1: stderr all=off uptime,level,tags foldmultilines=false

Environment Variables:
JAVA_HOME=C:\Program Files\Java\jdk-21.0.11
PATH=c:\Users\91770\AppData\Roaming\Code\User\globalStorage\github.copilot-chat\debugCommand;c:\Users\91770\AppData\Roaming\Code\User\globalStorage\github.copilot-chat\copilotCli;C:\Users\91770\AppData\Local\Programs\Microsoft VS Code;C:\Program Files\Common Files\Oracle\Java\javapath;C:\oraclexe\app\oracle\product\10.2.0\server\bin;C:\WINDOWS\system32;C:\WINDOWS;C:\WINDOWS\System32\Wbem;C:\WINDOWS\System32\WindowsPowerShell\v1.0\;C:\WINDOWS\System32\OpenSSH\;C:\Program Files\PuTTY\;C:\ProgramData\ComposerSetup\bin;C:\Program Files\Git\cmd;C:\Program Files (x86)\Microsoft SQL Server\160\DTS\Binn\;C:\Program Files\Java\jdk-21.0.11\bin;C:\Gradle\gradle-8.5\bin;C:\Users\91770\AppData\Local\Android\sdk\platform-tools;C:\Users\91770\AppData\Local\Android\sdk\tools;C:\Program Files\cursor\resources\app\bin;C:\Program Files\PostgreSQL\18\bin;C:\Users\91770\AppData\Local\nvm;C:\nvm4w\nodejs;C:\Program Files\nodejs\;C:\Users\91770\AppData\Local\Microsoft\WindowsApps;C:\Program Files\JetBrains\PyCharm 2023.2.1\bin;;C:\xampp\php;C:\Users\91770\AppData\Roaming\Composer\vendor\bin;C:\Users\91770\AppData\Local\Programs\Microsoft VS Code\bin;D:\cursor\resources\app\bin;D:\Program Files\Windsurf\bin;C:\Users\91770\AppData\Roaming\npm;C:\Users\91770\AppData\Local\nvm;C:\nvm4w\nodejs
USERNAME=91770
LANG=en_US.UTF-8
OS=Windows_NT
PROCESSOR_IDENTIFIER=AMD64 Family 23 Model 104 Stepping 1, AuthenticAMD
TMP=C:\Users\91770\AppData\Local\Temp
TEMP=C:\Users\91770\AppData\Local\Temp




Periodic native trim disabled

---------------  S Y S T E M  ---------------

OS:
 Windows 11 , 64 bit Build 26100 (10.0.26100.8246)
OS uptime: 0 days 1:53 hours

CPU: total 12 (initial active 12) (12 cores per cpu, 2 threads per core) family 23 model 104 stepping 1 microcode 0x8608109, cx8, cmov, fxsr, ht, mmx, 3dnowpref, sse, sse2, sse3, ssse3, sse4a, sse4.1, sse4.2, popcnt, lzcnt, tsc, tscinvbit, avx, avx2, aes, clmul, bmi1, bmi2, adx, sha, fma, vzeroupper, clflush, clflushopt, rdtscp, rdpid, f16c
Processor Information for processor 0
  Max Mhz: 2100, Current Mhz: 2100, Mhz Limit: 2100
Processor Information for processor 1
  Max Mhz: 2100, Current Mhz: 2100, Mhz Limit: 2100
Processor Information for processor 2
  Max Mhz: 2100, Current Mhz: 2100, Mhz Limit: 2100
Processor Information for processor 3
  Max Mhz: 2100, Current Mhz: 1700, Mhz Limit: 2100
Processor Information for processor 4
  Max Mhz: 2100, Current Mhz: 2100, Mhz Limit: 2100
Processor Information for processor 5
  Max Mhz: 2100, Current Mhz: 2100, Mhz Limit: 2100
Processor Information for processor 6
  Max Mhz: 2100, Current Mhz: 2100, Mhz Limit: 2100
Processor Information for processor 7
  Max Mhz: 2100, Current Mhz: 1700, Mhz Limit: 2100
Processor Information for processor 8
  Max Mhz: 2100, Current Mhz: 1700, Mhz Limit: 2100
Processor Information for processor 9
  Max Mhz: 2100, Current Mhz: 2100, Mhz Limit: 2100
Processor Information for processor 10
  Max Mhz: 2100, Current Mhz: 2100, Mhz Limit: 2100
Processor Information for processor 11
  Max Mhz: 2100, Current Mhz: 2100, Mhz Limit: 2100

Memory: 4k page, system-wide physical 5989M (288M free)
TotalPageFile size 24421M (AvailPageFile size 0M)
current process WorkingSet (physical memory assigned to process): 458M, peak: 559M
current process commit charge ("private bytes"): 1192M, peak: 1208M

vm_info: Java HotSpot(TM) 64-Bit Server VM (21.0.11+9-LTS-211) for windows-amd64 JRE (21.0.11+9-LTS-211), built on 2026-03-11T00:23:15Z by "mach5run" with MS VC++ 17.13 (VS2022)

END.
